Province,Year,undergraduate_enrollment,RD_effec_patent,invention_granted,tech_invest,patent,RD_apply_patent,invention_apply,st_people,new_product_fund,st_fund,edu_expense,RD_fund,tech_job,ftime_equ_personnel,tech_market_turnover,GDP,ave_students_enrolled,new_product_sales_revenue
江苏省,2004,,2990.0,11330,,2990.0,7110.0,23532,,1457350.0,,5570009.0,1530561.0,,69654.0,89.79,14823.1,,27638099.0
江苏省,2005,18.27,,13580,,,,34811,,,,6653202.0,,,,100.83,18121.3,,
江苏省,2006,19.06,,19352,,,,53267,,,,6845888.0,,,,68.83,21240.8,,
江苏省,2007,21.76,,31770,68.73,,,88950,,,68.73,8513327.0,,,,78.42,25988.4,,
江苏省,2008,22.12,9680.0,44438,91.52,9680.0,21901.0,128002,9.4,6197076.0,91.52,9964272.0,4808289.0,9.4,155781.0,94.02,30945.5,2679.0,72434173.0
江苏省,2009,22.88,14156.0,87286,117.02,14156.0,40043.0,174329,9.8,6919176.0,117.02,11054890.0,5707105.0,9.8,222625.0,108.22,34471.7,2786.0,85236348.0
江苏省,2010,25.31,,138382,150.35,,,235873,10.9,,150.35,13146233.0,,10.9,,249.34,41383.9,2819.0,
江苏省,2011,24.05,26720.0,199814,213.4,26720.0,72763.0,348381,12.0,11824447.0,213.4,15882132.0,8998944.0,12.0,287447.0,333.43,48839.2,2824.0,148421107.0
江苏省,2012,24.03,45120.0,269944,257.24,45120.0,84876.0,472656,12.8,14945123.0,257.24,,10803107.0,12.8,342262.0,400.91,53701.9,2786.0,178454188.0
江苏省,2013,24.45,52718.0,239645,302.59,52718.0,93518.0,504500,19.2,16693195.0,302.59,19862835.0,12395745.0,19.2,393942.0,527.5,59349.4,2814.0,197142112.0
江苏省,2014,25.06,73252.0,200032,327.1,73252.0,115616.0,421907,21.5,17649058.0,327.1,20800931.0,13765378.0,21.5,422865.0,543.16,64830.5,2858.0,235409275.0
江苏省,2015,25.6,85485.0,250290,371.96,85485.0,119927.0,428337,21.8,17117386.0,371.96,22463773.0,15065065.0,21.8,441304.0,572.92,71255.9,2896.0,244632694.0
江苏省,2016,26.88,117912.0,231033,381.02,117912.0,131284.0,512429,21.8,19090345.0,381.02,24020855.0,16575418.0,21.8,451885.0,635.64,77350.9,2937.0,280846698.0
江苏省,2017,26.74,140346.0,227187,428.01,140346.0,124980.0,514402,22.0,21506492.0,428.01,25960645.0,18338832.0,22.0,455468.0,778.42,85869.8,3045.0,285790192.0
江苏省,2018,27.18,176120.0,306996,507.31,176120.0,165096.0,600306,21.8,24680855.0,507.31,28276374.0,20245195.0,21.8,455530.0,991.45,93207.6,3143.0,284250383.0
江苏省,2019,27.43,180893.0,314395,572.04,180893.0,175906.0,594249,27.3,27013149.0,572.04,31093313.0,22061581.0,27.3,508375.0,1471.52,98656.8,3311.0,301019390.0
江苏省,2020,28.3,224512.0,499167,584.39,224512.0,196799.0,719452,26.6,28223651.0,584.39,33717331.0,23816885.0,26.6,538781.0,2087.85,102807.7,3653.0,394428431.0
江苏省,2021,28.73,242423.0,640917,671.59,242423.0,207371.0,696693,27.2,33574354.0,671.59,37333811.0,27166319.0,27.2,612676.0,2606.17,117392.4,3531.0,426223729.0
江苏省,2022,30.01,299124.0,560127,678.32,299124.0,218368.0,662509,28.1,38132096.0,678.32,,29936774.0,28.1,655930.0,2986.78,122875.6,3726.0,511183110.0
上海市,2004,,1094.0,10625,,1094.0,5414.0,20471,,1140386.0,,3832691.0,927730.0,,21854.0,171.7,8101.6,,28221766.0
上海市,2005,7.39,,12603,,,,32741,,,,4229482.0,,,,231.73,9197.1,,
上海市,2006,8.03,,16602,,,,36042,,,,3707275.0,,,,309.51,10598.9,,
上海市,2007,8.7,,24481,105.77,,,47205,,,105.77,4318320.0,,,,354.89,12878.7,,
上海市,2008,8.71,3111.0,24468,120.27,3111.0,8288.0,52835,18.1,2038746.0,120.27,4823026.0,2005734.0,18.1,43815.0,386.17,14536.9,4371.0,48948483.0
上海市,2009,9.03,9668.0,34913,215.31,9668.0,15472.0,62241,20.9,2991877.0,215.31,4937339.0,2365150.0,20.9,67420.0,435.41,15742.4,4393.0,54440825.0
上海市,2010,9.12,,48215,202.03,,,71196,23.2,,202.03,5582736.0,,23.2,,431.44,17915.4,4300.0,
上海市,2011,8.73,12530.0,47960,218.5,12530.0,19365.0,80215,12.4,4476248.0,218.5,7106255.0,3437627.0,12.4,79147.0,480.75,20009.7,3556.0,77721952.0
上海市,2012,8.96,16805.0,51508,245.43,16805.0,24873.0,82682,12.2,4840036.0,245.43,,3715075.0,12.2,82355.0,518.75,21305.6,3481.0,73999056.0
上海市,2013,9.02,20140.0,48680,257.66,20140.0,25738.0,86450,20.4,5282586.0,257.66,9069715.0,4047800.0,20.4,92136.0,531.68,23204.1,3421.0,76883835.0
上海市,2014,8.84,27540.0,50488,262.29,27540.0,26848.0,81664,22.5,5875497.0,262.29,9892212.0,4492192.0,22.5,93868.0,592.45,25269.8,3348.0,84469638.0
上海市,2015,8.92,30815.0,60623,271.85,30815.0,21725.0,100006,22.5,5716228.0,271.85,10131153.0,4742443.0,22.5,94981.0,663.78,26887.0,3330.0,74709344.0
上海市,2016,9.31,37513.0,64230,341.71,37513.0,24228.0,119937,23.2,6227654.0,341.71,11218946.0,4900778.0,23.2,98671.0,780.99,29887.0,3327.0,90334750.0
上海市,2017,9.51,43416.0,72806,389.9,43416.0,27581.0,131740,24.6,6787046.0,389.9,12104556.0,5399953.0,24.6,88967.0,810.62,32925.0,3498.0,100681518.0
上海市,2018,9.58,47940.0,92460,426.37,47940.0,29258.0,150233,26.9,7558012.0,426.37,13412840.0,5548768.0,26.9,88016.0,1225.19,36011.8,3517.0,97967290.0
上海市,2019,9.57,53559.0,100587,389.54,53559.0,35326.0,173586,36.2,8516190.0,389.54,14125408.0,5906504.0,36.2,80694.0,1422.35,37987.6,3582.0,101409491.0
上海市,2020,9.82,62147.0,139780,406.2,62147.0,40630.0,210293,32.1,8689077.0,406.2,14427631.0,6350087.0,32.1,87957.0,1583.22,38963.3,3722.0,101592157.0
上海市,2021,9.82,66509.0,179317,422.7,66509.0,41431.0,232918,35.8,10765301.0,422.7,15764758.0,6983293.0,35.8,93966.0,2545.49,43653.2,3691.0,105748814.0
上海市,2022,10.04,81347.0,178323,386.25,81347.0,42835.0,224409,38.4,11394201.0,386.25,,7659941.0,38.4,100972.0,3870.73,44652.8,3756.0,107853308.0
山东省,2004,,2145.0,9733,,2145.0,4884.0,18388,,928990.0,,4267089.0,1185772.0,,43800.0,75.09,13308.1,,23286960.0
山东省,2005,13.85,,10743,,,,28835,,,,4988243.0,,,,98.36,15947.5,,
山东省,2006,15.89,,15937,,,,38284,,,,5471049.0,,,,23.2,18967.8,,
山东省,2007,17.15,,22821,46.41,,,46849,,,46.41,6802414.0,,,,45.03,22718.1,,
山东省,2008,18.5,5453.0,26688,57.13,5453.0,14276.0,60247,8.9,3823546.0,57.13,7749148.0,3759077.0,8.9,124042.0,66.01,27106.2,2071.0,55876878.0
山东省,2009,20.08,6507.0,34513,62.88,6507.0,18441.0,66857,10.0,4757571.0,62.88,8397429.0,4567136.0,10.0,129892.0,71.94,29540.8,2153.0,71919279.0
山东省,2010,22.06,,51490,84.36,,,80856,11.0,,84.36,10395900.0,,11.0,,100.68,33922.5,2202.0,
山东省,2011,22.4,11207.0,58844,108.62,11207.0,27560.0,109599,10.8,6623255.0,108.62,13727939.0,7431254.0,10.8,180832.0,126.38,39064.9,2191.0,111844081.0
山东省,2012,23.15,15104.0,75496,124.98,15104.0,34689.0,128614,12.4,8148492.0,124.98,,9056007.0,12.4,204398.0,140.02,42957.3,2238.0,129131803.0
山东省,2013,23.75,18340.0,76976,149.14,18340.0,40030.0,155170,16.9,10206343.0,149.14,17796161.0,10528097.0,16.9,227403.0,179.4,47344.3,2304.0,142841782.0
山东省,2014,23.38,26122.0,72818,147.06,26122.0,44466.0,158619,18.4,11603104.0,147.06,18847752.0,11755482.0,18.4,230800.0,249.29,50774.8,2421.0,145558220.0
山东省,2015,23.7,33785.0,98101,159.05,33785.0,42289.0,193220,18.0,11221423.0,159.05,20632259.0,12917718.0,18.0,241395.0,307.55,55288.8,2516.0,146984304.0
山东省,2016,26.27,45917.0,98093,167.0,45917.0,45921.0,212911,17.8,12521655.0,167.0,22422970.0,14150035.0,17.8,241761.0,395.95,58762.5,2620.0,163134209.0
山东省,2017,26.29,56076.0,100522,195.77,56076.0,55881.0,204859,18.3,13834842.0,195.77,23946021.0,15636785.0,18.3,239170.0,511.64,63012.1,2519.0,181263978.0
山东省,2018,25.82,63496.0,132382,232.74,63496.0,60928.0,231585,17.3,11608192.0,232.74,26349273.0,14184975.0,17.3,236515.0,819.95,66648.9,2588.0,152465038.0
山东省,2019,26.46,67896.0,146481,305.76,67896.0,57339.0,263211,18.2,10566243.0,305.76,29001760.0,12109485.0,18.2,198205.0,1110.02,70540.5,2855.0,134800845.0
山东省,2020,26.67,78926.0,238778,298.62,78926.0,78928.0,337280,20.5,12580017.0,298.62,31022594.0,13656187.0,20.5,255281.0,1903.89,72798.2,3154.0,170810782.0
山东省,2021,26.65,103410.0,329838,372.32,103410.0,98190.0,369470,22.6,17475012.0,372.32,34007897.0,15653402.0,22.6,349379.0,2477.79,82875.2,3429.0,275403023.0
山东省,2022,28.01,130077.0,342290,313.26,130077.0,113621.0,408136,23.1,20292881.0,313.26,,17287025.0,23.1,391781.0,3231.83,87435.1,3663.0,378471673.0
黑龙江省,2004,,606.0,2809,,606.0,861.0,4919,,110982.0,,2118831.0,196428.0,,21775.0,12.57,4134.7,,1949849.0
黑龙江省,2005,9.26,,2906,,,,6050,,,,2342133.0,,,,14.26,4756.4,,
黑龙江省,2006,9.68,,3622,,,,6535,,,,2230540.0,,,,15.69,5329.8,,
黑龙江省,2007,10.96,,4303,17.47,,,7242,,,17.47,2736590.0,,,,35.02,6126.3,,
黑龙江省,2008,11.27,1002.0,4574,20.09,1002.0,1320.0,7974,11.2,468122.0,20.09,3386551.0,505877.0,11.2,28283.0,41.26,7134.2,2352.0,4529219.0
黑龙江省,2009,12.04,1618.0,5079,19.96,1618.0,1797.0,9014,11.4,708150.0,19.96,3486163.0,627240.0,11.4,27658.0,48.86,7218.9,2420.0,5097624.0
黑龙江省,2010,12.41,,6780,27.69,,,10269,12.0,,27.69,4048565.0,,12.0,,52.91,8308.3,2447.0,
黑龙江省,2011,12.72,1532.0,12236,33.23,1532.0,2814.0,23432,12.2,745311.0,33.23,4838173.0,838042.0,12.2,39661.0,62.07,9935.0,2409.0,5586813.0
黑龙江省,2012,12.79,2055.0,20268,37.64,2055.0,3690.0,30610,11.9,779353.0,37.64,,906170.0,11.9,36256.0,100.45,11015.8,2441.0,5655068.0
黑龙江省,2013,12.53,2342.0,19819,38.61,2342.0,4282.0,32264,11.2,782854.0,38.61,6006258.0,950335.0,11.2,37296.0,101.77,11849.1,2529.0,5825023.0
黑龙江省,2014,12.5,3052.0,15412,39.46,3052.0,4267.0,31856,11.5,844603.0,39.46,6278812.0,955820.0,11.5,37509.0,120.28,12170.8,2555.0,5272813.0
黑龙江省,2015,12.34,3351.0,18943,42.91,3351.0,3902.0,34611,11.2,722307.0,42.91,7040039.0,880392.0,11.2,31762.0,127.26,11690.0,2518.0,5110495.0
黑龙江省,2016,12.61,4716.0,18046,44.92,4716.0,4127.0,35293,11.1,696173.0,44.92,7336607.0,884925.0,11.1,32219.0,125.81,11895.0,2427.0,5026218.0
黑龙江省,2017,13.0,5760.0,18221,46.91,5760.0,3786.0,30958,10.7,669389.0,46.91,7545432.0,825854.0,10.7,24046.0,146.71,12313.0,2403.0,6824812.0
黑龙江省,2018,13.39,4708.0,19435,39.52,4708.0,2764.0,34582,9.2,532983.0,39.52,7612173.0,605680.0,9.2,13110.0,165.92,12846.5,2405.0,5613764.0
黑龙江省,2019,13.57,6232.0,19989,42.16,6232.0,4449.0,37313,8.6,748699.0,42.16,8115856.0,714862.0,8.6,15054.0,232.88,13544.4,2531.0,7336240.0
黑龙江省,2020,13.85,8260.0,28475,42.98,8260.0,5963.0,43252,5.6,915152.0,42.98,8422728.0,774634.0,5.6,14272.0,265.2,13633.4,2695.0,8207463.0
黑龙江省,2021,13.76,9611.0,38884,43.52,9611.0,6691.0,47577,6.0,1108843.0,43.52,8440981.0,887690.0,6.0,15444.0,350.14,14858.2,3448.0,12522414.0
黑龙江省,2022,14.17,10591.0,36551,46.47,10591.0,6551.0,49027,5.7,1352541.0,46.47,,979976.0,5.7,18483.0,460.18,15901.0,3734.0,13954159.0
宁夏回族自治区,2004,,106.0,293,,106.0,143.0,399,,20384.0,,296237.0,23220.0,,2094.0,1.28,519.9,,261582.0
宁夏回族自治区,2005,0.82,,214,,,,516,,,,363459.0,,,,1.41,579.9,,
宁夏回族自治区,2006,1.01,,290,,,,671,,,,398718.0,,,,0.53,683.3,,
宁夏回族自治区,2007,1.05,,296,4.79,,,838,,,4.79,636974.0,,,,0.66,877.6,,
宁夏回族自治区,2008,1.24,111.0,606,4.33,111.0,266.0,1087,1.2,81192.0,4.33,702612.0,65694.0,1.2,3336.0,0.89,1139.2,1610.0,734679.0
宁夏回族自治区,2009,1.33,171.0,910,4.4,171.0,357.0,1277,1.2,98097.0,4.4,813071.0,77591.0,1.2,3568.0,0.9,1266.7,1721.0,963234.0
宁夏回族自治区,2010,1.48,,1081,5.97,,,739,1.2,,5.97,994671.0,,1.2,,1.0,1571.7,1868.0,
宁夏回族自治区,2011,1.62,221.0,613,7.87,221.0,601.0,1079,1.3,120351.0,7.87,1313862.0,118879.0,1.3,3967.0,3.94,1931.8,1912.0,1385912.0
宁夏回族自治区,2012,1.79,300.0,844,9.61,300.0,914.0,1985,1.2,142473.0,9.61,,143696.0,1.2,4196.0,2.91,2131.0,2107.0,1856287.0
宁夏回族自治区,2013,1.82,387.0,1211,10.69,387.0,1132.0,3230,1.4,149924.0,10.69,1578935.0,167494.0,1.4,4817.0,1.43,2327.7,2195.0,2796416.0
宁夏回族自治区,2014,1.9,675.0,1424,11.66,675.0,1160.0,3532,1.4,176515.0,11.66,1697964.0,186518.0,1.4,5799.0,3.18,2473.9,2255.0,1912824.0
宁夏回族自治区,2015,1.89,908.0,1865,17.25,908.0,1429.0,4394,1.5,182332.0,17.25,1963258.0,200453.0,1.5,5470.0,3.52,2579.4,2244.0,2826884.0
宁夏回族自治区,2016,1.95,1248.0,2677,18.26,1248.0,1757.0,6149,1.6,202032.0,18.26,2072544.0,239624.0,1.6,5686.0,4.05,2781.4,2225.0,2026821.0
宁夏回族自治区,2017,2.04,1633.0,4244,25.55,1633.0,1978.0,8575,1.5,182203.0,25.55,2288400.0,291101.0,1.5,6392.0,6.67,3200.3,2278.0,3352269.0
宁夏回族自治区,2018,2.12,2282.0,5658,34.02,2282.0,2205.0,9860,1.3,234314.0,34.02,2346978.0,369910.0,1.3,7060.0,12.11,3510.2,2379.0,4826467.0
宁夏回族自治区,2019,2.2,2777.0,5555,31.26,2777.0,2885.0,9275,1.4,310908.0,31.26,2532754.0,415733.0,1.4,8073.0,14.9,3748.5,2581.0,4476886.0
宁夏回族自治区,2020,2.31,3126.0,7710,27.91,3126.0,3774.0,12172,1.7,407112.0,27.91,2791933.0,453491.0,1.7,8333.0,16.81,3956.3,2691.0,4592014.0
宁夏回族自治区,2021,2.41,3397.0,12885,29.0,3397.0,3935.0,14579,1.8,558709.0,29.0,2838672.0,517577.0,1.8,10930.0,25.09,4588.2,2749.0,5400468.0
宁夏回族自治区,2022,2.53,4012.0,12452,25.56,4012.0,4725.0,16233,1.6,783017.0,25.56,,597053.0,1.6,10804.0,34.05,5069.6,3271.0,9244972.0
广东省,2004,,4373.0,31446,,4373.0,11728.0,52201,,1153829.0,,7087101.0,1631096.0,,54474.0,57.27,18658.3,,32780523.0
广东省,2005,13.65,,36894,,,,72220,,,,8066357.0,,,,112.47,21963.0,,
广东省,2006,15.51,,43516,,,,90886,,,,8654359.0,,,,107.03,25961.2,,
广东省,2007,16.55,,56451,119.26,,,102449,,,119.26,10734751.0,,,,132.84,31742.6,,
广东省,2008,18.36,18757.0,62031,132.52,18757.0,38958.0,103883,15.1,5320951.0,132.52,11661554.0,4423514.0,15.1,197488.0,201.63,36704.2,1821.0,74695491.0
广东省,2009,20.83,27476.0,83621,168.5,27476.0,54922.0,125673,15.4,6294129.0,168.5,12843085.0,5523733.0,15.4,228907.0,170.98,39464.7,1952.0,82955488.0
广东省,2010,21.7,,119343,214.44,,,152907,18.1,,214.44,15327348.0,,18.1,,235.89,45944.6,2037.0,
广东省,2011,22.73,66453.0,128413,203.92,66453.0,72520.0,196272,18.6,10662949.0,203.92,18846365.0,8994412.0,18.6,346260.0,275.06,53072.8,1978.0,143822736.0
广东省,2012,23.95,83280.0,153598,246.71,83280.0,87143.0,229514,21.3,11865618.0,246.71,,10778634.0,21.3,424563.0,364.94,57007.7,2082.0,154028478.0
广东省,2013,25.17,97052.0,170430,344.94,97052.0,96646.0,264265,29.5,14065712.0,344.94,24775503.0,12374791.0,29.5,426330.0,529.39,62503.4,2199.0,180137410.0
广东省,2014,26.15,126936.0,179953,274.33,126936.0,114447.0,278358,31.9,16233271.0,274.33,27356552.0,13752869.0,31.9,424872.0,413.25,68173.0,2356.0,203133184.0
广东省,2015,26.96,177047.0,241176,569.55,177047.0,106038.0,355939,34.7,18310389.0,569.55,30474906.0,15205497.0,34.7,411059.0,662.58,74732.4,2434.0,226425002.0
广东省,2016,27.51,236918.0,259032,742.97,236918.0,145448.0,505667,32.3,23097271.0,742.97,33675376.0,16762749.0,32.3,423730.0,758.17,82163.2,2431.0,286714109.0
广东省,2017,27.66,289238.0,332652,823.89,289238.0,199293.0,627834,33.9,28286496.0,823.89,38610331.0,18650313.0,33.9,457342.0,937.08,91648.7,2454.0,348630305.0
广东省,2018,28.28,328467.0,478082,1034.71,328467.0,241700.0,793819,37.8,33366963.0,1034.71,42684258.0,21072031.0,37.8,621950.0,1365.42,99945.2,2542.0,393760563.0
广东省,2019,28.82,375515.0,527390,1168.79,375515.0,272616.0,807700,47.3,38649832.0,1168.79,49187551.0,23148566.0,47.3,642490.0,2223.08,107986.9,2751.0,429700648.0
广东省,2020,29.71,435509.0,709725,955.73,435509.0,305665.0,967204,47.8,41271302.0,955.73,53869558.0,24999527.0,47.8,700017.0,3267.21,111151.6,3175.0,443130513.0
广东省,2021,29.37,511717.0,872209,982.76,511717.0,340935.0,980634,51.5,46369762.0,982.76,60188062.0,29021849.0,51.5,709119.0,4099.61,124719.5,2922.0,496849026.0
广东省,2022,31.09,572589.0,837276,983.78,572589.0,354470.0,993480,52.4,51594669.0,983.78,,32177548.0,52.4,772585.0,3967.48,129118.6,3129.0,480751067.0
西藏自治区,2004,,,23,,,1.0,62,,22.0,,234500.0,10.0,,4.0,,217.9,,559.0
西藏自治区,2005,0.46,,44,,,,102,,,,301722.0,,,,,243.1,,
西藏自治区,2006,0.48,,81,,,,89,,,,276921.0,,,,,285.9,,
西藏自治区,2007,0.46,,68,1.93,,,97,,,1.93,420562.0,,,,,344.1,,
西藏自治区,2008,0.47,19.0,93,2.9,19.0,22.0,350,0.6,7674.0,2.9,494122.0,4536.0,0.6,39.0,,398.2,1279.0,31384.0
西藏自治区,2009,0.5,40.0,292,2.69,40.0,24.0,195,0.7,2102.0,2.69,597448.0,6376.0,0.7,378.0,,445.7,1317.0,48166.0
西藏自治区,2010,0.5,,124,2.71,,,162,0.7,,2.71,662293.0,,0.7,,,512.9,1373.0,
西藏自治区,2011,0.51,58.0,142,3.38,58.0,20.0,263,0.7,2776.0,3.38,826102.0,1637.0,0.7,22.0,,611.5,1446.0,17728.0
西藏自治区,2012,0.56,71.0,133,5.09,71.0,18.0,170,1.1,1986.0,5.09,,5312.0,1.1,78.0,,710.2,1508.0,21004.0
西藏自治区,2013,0.57,32.0,121,4.17,32.0,9.0,203,1.1,1177.0,4.17,1206744.0,4617.0,1.1,81.0,,828.2,1528.0,23454.0
西藏自治区,2014,0.56,44.0,146,4.42,44.0,18.0,248,1.1,1752.0,4.42,1529504.0,2943.0,1.1,130.0,,939.7,1676.0,
西藏自治区,2015,0.61,90.0,198,5.41,90.0,17.0,309,1.2,2986.0,5.41,1919434.0,2602.0,1.2,43.0,,1043.0,1766.0,56367.0
西藏自治区,2016,0.6,115.0,245,4.81,115.0,44.0,712,1.2,3630.0,4.81,1857714.0,4003.0,1.2,208.0,,1173.0,1765.0,78690.0
西藏自治区,2017,0.58,96.0,420,8.49,96.0,20.0,1097,1.0,3270.0,8.49,2387658.0,3186.0,1.0,202.0,0.04,1349.0,1678.0,94173.0
西藏自治区,2018,0.61,82.0,755,8.12,82.0,39.0,1469,0.8,4547.0,8.12,2562958.0,8625.0,0.8,326.0,0.04,1548.4,1616.0,181067.0
西藏自治区,2019,0.68,156.0,1020,7.28,156.0,51.0,2304,1.2,6657.0,7.28,2881230.0,5574.0,1.2,264.0,0.96,1697.8,1588.0,230104.0
西藏自治区,2020,0.73,185.0,1702,8.99,185.0,92.0,2296,1.0,11290.0,8.99,3164861.0,8944.0,1.0,190.0,0.78,1902.7,1629.0,34487.0
西藏自治区,2021,0.72,227.0,1929,8.34,227.0,100.0,2644,1.1,20691.0,8.34,3335508.0,24782.0,1.1,266.0,1.73,2080.2,1634.0,54323.0
西藏自治区,2022,0.7,314.0,2127,8.31,314.0,97.0,3135,1.1,12625.0,8.31,,17043.0,1.1,173.0,6.21,2132.6,1666.0,84198.0
吉林省,2004,,204.0,2145,,204.0,487.0,3657,,95138.0,,1454419.0,124848.0,,5074.0,10.79,2455.2,,1563069.0
吉林省,2005,8.9,,2023,,,,4101,,,,1742325.0,,,,12.23,2776.5,,
吉林省,2006,8.6,,2319,,,,4578,,,,1724213.0,,,,15.37,3226.5,,
吉林省,2007,9.41,,2855,11.09,,,5251,,,11.09,2133095.0,,,,17.48,4080.3,,
吉林省,2008,9.85,480.0,2984,13.41,480.0,867.0,5536,6.3,494772.0,13.41,2714195.0,267007.0,6.3,9470.0,19.61,4834.7,2659.0,12104628.0
吉林省,2009,10.62,993.0,3275,18.98,993.0,1433.0,5934,6.4,374768.0,18.98,3006988.0,329615.0,6.4,14671.0,19.76,5434.8,2695.0,28925805.0
吉林省,2010,10.75,,4343,19.12,,,6445,6.7,,19.12,3445611.0,,6.7,,18.81,6410.5,2716.0,
吉林省,2011,11.11,1006.0,4920,21.18,1006.0,2030.0,8196,6.8,709348.0,21.18,4293877.0,488723.0,6.8,17884.0,26.26,7734.6,2807.0,24075631.0
吉林省,2012,11.55,2779.0,5930,24.96,2779.0,2195.0,9171,7.6,776269.0,24.96,,604326.0,7.6,24365.0,25.12,8678.0,2889.0,21577965.0
吉林省,2013,11.57,2985.0,6219,37.22,2985.0,2520.0,10751,8.0,740849.0,37.22,5480347.0,698136.0,8.0,23709.0,34.72,9427.9,3033.0,7031878.0
吉林省,2014,11.42,1884.0,6696,36.45,1884.0,2370.0,11933,7.9,783328.0,36.45,5353180.0,789431.0,7.9,24395.0,28.58,9966.5,3168.0,16599926.0
吉林省,2015,11.78,2649.0,8878,41.39,2649.0,1972.0,14800,7.5,1167919.0,41.39,5975239.0,861541.0,7.5,23202.0,26.47,10018.0,3169.0,18227484.0
吉林省,2016,11.88,3395.0,9995,41.01,3395.0,2655.0,18922,7.6,1243953.0,41.01,6439837.0,908602.0,7.6,23469.0,116.42,10427.0,3048.0,26276146.0
吉林省,2017,11.83,3518.0,11090,46.84,3518.0,2894.0,20450,7.7,1171236.0,46.84,6586685.0,749958.0,7.7,21056.0,219.92,10922.0,3038.0,27746957.0
吉林省,2018,12.01,4612.0,13885,41.1,4612.0,3333.0,27034,7.3,1078717.0,41.1,6866495.0,575015.0,7.3,11124.0,341.95,11253.8,3131.0,13474958.0
吉林省,2019,12.07,4853.0,15579,39.18,4853.0,6256.0,31052,7.8,1769661.0,39.18,6777422.0,684086.0,7.8,11849.0,474.13,11726.8,3373.0,26275923.0
吉林省,2020,12.21,6696.0,23951,39.94,6696.0,6476.0,34438,7.3,1788921.0,39.94,7204781.0,776448.0,7.3,11806.0,462.15,12256.0,3707.0,22400315.0
吉林省,2021,12.14,7109.0,29879,38.43,7109.0,7949.0,38807,6.9,1677694.0,38.43,7092031.0,858433.0,6.9,16124.0,108.15,13163.8,4550.0,29551441.0
吉林省,2022,12.95,8925.0,29534,22.38,8925.0,12612.0,42522,6.3,1829608.0,22.38,,926041.0,6.3,15297.0,36.95,13070.2,4989.0,21770234.0
海南省,2004,,63.0,278,,63.0,43.0,375,,7391.0,,389305.0,11378.0,,475.0,0.19,802.7,,670854.0
海南省,2005,1.04,,200,,,,498,,,,468455.0,,,,1.0,884.9,,
海南省,2006,1.38,,248,,,,538,,,,558645.0,,,,0.85,1027.5,,
海南省,2007,1.69,,296,2.79,,,632,,,2.79,757981.0,,,,0.73,1234.0,,
海南省,2008,1.81,29.0,341,4.5,29.0,156.0,873,1.5,44981.0,4.5,928981.0,8768.0,1.5,554.0,3.56,1474.7,1800.0,698994.0
海南省,2009,2.13,131.0,630,6.07,131.0,289.0,1040,1.6,27222.0,6.07,1175474.0,22616.0,1.6,1046.0,0.56,1620.3,2001.0,249246.0
海南省,2010,2.5,,714,7.47,,,1019,1.7,,7.47,1422673.0,,1.7,,3.27,2020.5,2036.0,
海南省,2011,2.4,379.0,765,9.83,379.0,386.0,1489,1.6,73969.0,9.83,1732237.0,57760.0,1.6,1587.0,3.46,2463.8,2079.0,1350545.0
海南省,2012,2.61,388.0,1093,12.06,388.0,623.0,1824,1.7,101396.0,12.06,,78093.0,1.7,2767.0,0.57,2789.4,2218.0,1344677.0
海南省,2013,2.57,683.0,1331,13.83,683.0,748.0,2359,2.0,114916.0,13.83,2222868.0,93567.0,2.0,2882.0,3.87,3115.9,2253.0,1601202.0
海南省,2014,2.6,1217.0,1597,13.53,1217.0,706.0,2416,2.2,116939.0,13.53,2413904.0,111010.0,2.2,3484.0,0.65,3449.0,2317.0,1482605.0
海南省,2015,2.7,1378.0,2061,12.38,1378.0,441.0,3127,2.2,105791.0,12.38,2809962.0,111841.0,2.2,3325.0,2.19,3734.2,2290.0,1330871.0
海南省,2016,2.8,1657.0,1939,15.69,1657.0,508.0,3658,2.1,117659.0,15.69,3068767.0,79819.0,2.1,2688.0,3.44,4090.2,2258.0,1265915.0
海南省,2017,2.8,1656.0,2133,12.47,1656.0,443.0,4564,2.0,108956.0,12.47,3390271.0,74815.0,2.0,1971.0,4.11,4497.5,2261.0,1306518.0
海南省,2018,2.92,1258.0,3292,15.04,1258.0,576.0,6451,2.0,147630.0,15.04,3777479.0,113708.0,2.0,1971.0,6.94,4910.7,2305.0,1053103.0
海南省,2019,3.12,1501.0,4423,30.1,1501.0,734.0,9302,2.1,159612.0,30.1,4243935.0,108154.0,2.1,1779.0,9.11,5330.8,2497.0,935498.0
海南省,2020,3.15,1875.0,8578,35.67,1875.0,926.0,14360,2.5,213111.0,35.67,4632077.0,117021.0,2.5,2050.0,20.19,5566.2,2764.0,1347310.0
海南省,2021,2.99,2348.0,13632,40.47,2348.0,1613.0,17679,3.1,281651.0,40.47,4648209.0,141545.0,3.1,2911.0,28.42,6504.1,2839.0,2445040.0
海南省,2022,3.08,2873.0,13148,69.16,2873.0,1567.0,17273,3.2,471074.0,69.16,,149370.0,3.2,3961.0,31.55,6818.2,2999.0,3723463.0
广西壮族自治区,2004,,196.0,1272,,196.0,755.0,2202,,57099.0,,1605769.0,65654.0,,4879.0,9.1,3305.1,,2757457.0
广西壮族自治区,2005,4.21,,1225,,,,2379,,,,1832798.0,,,,9.41,3742.1,,
广西壮族自治区,2006,4.81,,1442,,,,2784,,,,2134365.0,,,,0.94,4417.8,,
广西壮族自治区,2007,5.84,,1907,13.19,,,3480,,,13.19,2758915.0,,,,1.0,5474.8,,
广西壮族自治区,2008,6.14,568.0,2228,16.21,568.0,1072.0,3884,6.0,365544.0,16.21,3476223.0,239850.0,6.0,9358.0,2.7,6455.4,1352.0,5941510.0
广西壮族自治区,2009,6.68,761.0,2702,18.07,761.0,1322.0,4277,6.4,443277.0,18.07,3873253.0,324191.0,6.4,12042.0,1.77,7112.9,1436.0,8223781.0
广西壮族自治区,2010,7.39,,3647,21.66,,,5117,7.0,,21.66,4941416.0,,7.0,,4.14,8552.4,1530.0,
广西壮族自治区,2011,7.7,932.0,4402,28.25,932.0,2069.0,8106,7.6,740604.0,28.25,5938482.0,586791.0,7.6,20155.0,5.64,10299.9,1688.0,12260904.0
广西壮族自治区,2012,8.23,1499.0,5900,42.81,1499.0,3025.0,13610,9.3,771269.0,42.81,,702225.0,9.3,20845.0,2.52,11303.6,1834.0,12369278.0
广西壮族自治区,2013,8.84,1889.0,7884,54.36,1889.0,4468.0,23251,9.4,849395.0,54.36,7794191.0,817063.0,9.4,20700.0,7.34,12448.4,1939.0,15866038.0
广西壮族自治区,2014,9.4,2670.0,9664,59.93,2670.0,4840.0,32298,9.8,850464.0,59.93,8586224.0,848808.0,9.8,22793.0,11.58,13587.8,2052.0,13484220.0
广西壮族自治区,2015,10.62,3731.0,13573,49.63,3731.0,4613.0,43696,9.5,903957.0,49.63,10111559.0,769190.0,9.5,19000.0,7.31,14797.8,2178.0,16333703.0
广西壮族自治区,2016,11.48,6010.0,14858,45.2,6010.0,5555.0,59239,8.9,905498.0,45.2,10914241.0,827248.0,8.9,19402.0,33.99,16116.6,2279.0,19808824.0
广西壮族自治区,2017,11.79,6557.0,15270,60.04,6557.0,5428.0,56988,8.3,1120030.0,60.04,11891781.0,935996.0,8.3,16163.0,39.42,17790.7,2383.0,22492207.0
广西壮族自治区,2018,12.52,6846.0,20551,64.43,6846.0,6239.0,44224,7.1,1091022.0,64.43,12836618.0,891031.0,7.1,17228.0,61.41,19627.8,2602.0,18335851.0
广西壮族自治区,2019,13.0,8176.0,22687,72.33,8176.0,6373.0,41900,7.4,1445180.0,72.33,14367736.0,1044742.0,7.4,22102.0,77.56,21237.1,2887.0,18382401.0
广西壮族自治区,2020,13.62,8667.0,34470,66.26,8667.0,7546.0,51712,8.6,1872393.0,66.26,15418302.0,1133332.0,8.6,20407.0,91.67,22120.9,3107.0,25712986.0
广西壮族自治区,2021,13.34,14995.0,46804,71.13,14995.0,11641.0,55987,8.8,2173118.0,71.13,16448664.0,1370239.0,8.8,28508.0,940.58,25209.1,3432.0,30334971.0
广西壮族自治区,2022,14.62,12721.0,44691,104.12,12721.0,11637.0,56283,9.1,2227761.0,104.12,,1505736.0,9.1,37341.0,226.99,26300.9,3651.0,28604514.0
北京市,2004,,2367.0,9005,,2367.0,2330.0,18402,,364608.0,,4492628.0,602546.0,,29998.0,425.0,6252.5,,11052142.0
北京市,2005,11.15,,10100,,,,22572,,,,5227188.0,,,,489.59,7149.8,,
北京市,2006,11.14,,11238,,,,26555,,,,3374329.0,,,,697.33,8387.0,,
北京市,2007,11.4,,14954,90.74,,,31680,,,90.74,4077284.0,,,,882.56,10425.5,,
北京市,2008,11.37,5618.0,17747,112.19,5618.0,7124.0,43508,40.1,1049977.0,112.19,4690166.0,1010862.0,40.1,43209.0,1027.22,11813.1,6750.0,30589115.0
北京市,2009,11.85,5168.0,22921,126.31,5168.0,7016.0,50236,43.8,1417379.0,126.31,5289432.0,1137030.0,43.8,41546.0,1236.25,12900.9,6410.0,28314951.0
北京市,2010,11.98,,33511,178.92,,,57296,45.7,,178.92,6134448.0,,45.7,,1579.54,14964.0,6196.0,
北京市,2011,12.04,7342.0,40888,183.07,7342.0,13041.0,77955,50.6,2135861.0,183.07,7373843.0,1648538.0,50.6,49829.0,1890.28,17188.8,5613.0,34803252.0
北京市,2012,12.27,14051.0,50511,199.94,14051.0,20189.0,92305,54.0,2527103.0,199.94,,1973442.0,54.0,53510.0,2458.5,19024.7,5534.0,33176311.0
北京市,2013,12.53,16402.0,62671,234.67,16402.0,19210.0,123336,59.7,2931908.0,234.67,9998366.0,2130618.0,59.7,58036.0,2851.72,21134.6,5469.0,36727656.0
北京市,2014,12.53,18721.0,74661,282.71,18721.0,19916.0,138111,59.8,2971203.0,282.71,10937374.0,2335010.0,59.8,57761.0,3137.19,22926.0,5429.0,42470008.0
北京市,2015,12.63,23749.0,94031,287.8,23749.0,20024.0,156312,59.3,3053943.0,287.8,11171250.0,2440875.0,59.3,50773.0,3453.89,24779.1,5218.0,35640401.0
北京市,2016,12.77,28290.0,100578,285.78,28290.0,20065.0,189129,69.0,3226374.0,285.78,11934724.0,2548433.0,69.0,51143.0,3940.98,27041.2,5028.0,40858562.0
北京市,2017,12.82,34497.0,106948,361.76,34497.0,19653.0,185928,71.2,3454456.0,361.76,12512746.0,2690851.0,71.2,52719.0,4486.89,29883.0,5300.0,41192831.0
北京市,2018,13.01,42851.0,123496,425.87,42851.0,20655.0,211212,71.7,3602685.0,425.87,13525400.0,2740103.0,71.7,46929.0,4957.82,33106.0,5268.0,41366175.0
北京市,2019,13.09,48656.0,131716,433.42,48656.0,22552.0,226113,68.9,4244502.0,433.42,14794780.0,2851859.0,68.9,44241.0,5695.28,35445.1,5320.0,52201988.0
北京市,2020,13.48,55261.0,162824,410.96,55261.0,25147.0,254165,58.2,4523146.0,410.96,15085043.0,2974157.0,58.2,46172.0,6316.16,35943.3,5393.0,53449397.0
北京市,2021,13.63,70538.0,198778,449.45,70538.0,28221.0,283134,61.2,6066577.0,449.45,15325981.0,3135144.0,61.2,41496.0,7005.65,41045.6,5313.0,82529591.0
北京市,2022,14.0,77167.0,202722,488.7,77167.0,32594.0,307175,62.4,6503315.0,488.7,,3489973.0,62.4,53459.0,7947.51,41610.9,5397.0,56037315.0
新疆维吾尔自治区,2004,,165.0,792,,165.0,349.0,1492,,9704.0,,1331540.0,36008.0,,2357.0,13.34,2170.4,,425117.0
新疆维吾尔自治区,2005,2.86,,921,,,,1851,,,,1527225.0,,,,8.0,2520.5,,
新疆维吾尔自治区,2006,2.92,,1187,,,,2256,,,,1532703.0,,,,7.61,2957.3,,
新疆维吾尔自治区,2007,3.21,,1534,12.84,,,2270,,,12.84,1916673.0,,,,7.17,3500.0,,
新疆维吾尔自治区,2008,3.24,184.0,1493,14.84,184.0,459.0,2412,4.6,136881.0,14.84,2501661.0,124159.0,4.6,4489.0,7.4,4142.5,1414.0,1600767.0
新疆维吾尔自治区,2009,3.32,447.0,1866,16.14,447.0,928.0,2872,4.7,118664.0,16.14,2959264.0,140932.0,4.7,5023.0,1.21,4237.0,1430.0,1034710.0
新疆维吾尔自治区,2010,3.43,,2562,20.19,,,3560,4.8,,20.19,3655998.0,,4.8,,4.52,5360.2,1467.0,
新疆维吾尔自治区,2011,3.43,325.0,2642,26.43,325.0,1426.0,4736,5.0,318627.0,26.43,4605867.0,223352.0,5.0,6723.0,4.38,6532.0,1521.0,2561510.0
新疆维吾尔自治区,2012,3.61,468.0,3439,33.01,468.0,1776.0,7044,6.1,335323.0,33.01,,273425.0,6.1,6202.0,5.39,7411.8,1596.0,2760241.0
新疆维吾尔自治区,2013,3.79,695.0,4998,39.85,695.0,2256.0,8224,6.5,394450.0,39.85,5989856.0,314257.0,6.5,6668.0,3.0,8392.6,1681.0,3533318.0
新疆维吾尔自治区,2014,3.79,1111.0,5238,40.34,1111.0,2458.0,10210,6.6,321291.0,40.34,6349792.0,357812.0,6.6,6688.0,2.82,9264.5,1749.0,4837892.0
新疆维吾尔自治区,2015,4.02,1553.0,8761,41.64,1553.0,2340.0,12250,6.4,331351.0,41.64,7132774.0,366180.0,6.4,7188.0,3.03,9306.9,1759.0,4943911.0
新疆维吾尔自治区,2016,4.23,2030.0,7116,44.98,2030.0,2546.0,14105,6.4,444784.0,44.98,7823914.0,390946.0,6.4,7310.0,4.28,9630.8,1780.0,4745506.0
新疆维吾尔自治区,2017,4.83,2565.0,8094,42.81,2565.0,3022.0,14260,6.3,425657.0,42.81,8462090.0,400468.0,6.3,6191.0,5.76,11159.9,1863.0,3938875.0
新疆维吾尔自治区,2018,5.27,3252.0,9658,42.25,3252.0,3568.0,14647,6.5,412821.0,42.25,9522617.0,448779.0,6.5,5806.0,3.92,12809.4,1954.0,4328589.0
新疆维吾尔自治区,2019,5.68,3351.0,8652,40.81,3351.0,3632.0,14771,6.6,386888.0,40.81,10214911.0,441347.0,6.6,4698.0,7.82,13597.1,2106.0,5571410.0
新疆维吾尔自治区,2020,6.35,4580.0,12763,41.25,4580.0,4427.0,18843,6.7,419072.0,41.25,11029496.0,391939.0,6.7,4752.0,15.11,13800.7,2331.0,6330868.0
新疆维吾尔自治区,2021,6.4,5670.0,21178,42.86,5670.0,5181.0,22221,7.0,771845.0,42.86,11146119.0,541819.0,7.0,8995.0,18.85,16311.6,2526.0,5820921.0
新疆维吾尔自治区,2022,7.22,7225.0,20528,53.53,7225.0,6164.0,25795,6.8,1356929.0,53.53,,641190.0,6.8,10248.0,31.18,17741.3,2773.0,6854785.0
云南省,2004,,197.0,1264,,197.0,380.0,2132,,61497.0,,1750841.0,43881.0,,3978.0,21.56,3136.4,,739428.0
云南省,2005,4.33,,1381,,,,2556,,,,1985088.0,,,,15.92,3497.7,,
云南省,2006,4.8,,1637,,,,3085,,,,2311083.0,,,,8.27,4090.7,,
云南省,2007,5.16,,2139,13.06,,,3108,,,13.06,2757505.0,,,,9.75,5077.4,,
云南省,2008,5.85,623.0,2021,17.67,623.0,625.0,4089,6.1,171099.0,17.67,3422932.0,131583.0,6.1,8203.0,5.05,6016.6,1174.0,3091636.0
云南省,2009,6.74,807.0,2923,18.99,807.0,1049.0,4633,6.4,261718.0,18.99,4408081.0,151147.0,6.4,6790.0,10.25,6574.4,1298.0,2739668.0
云南省,2010,7.78,,3823,21.43,,,5645,6.2,,21.43,5336317.0,,6.2,,10.88,7735.3,1391.0,
云南省,2011,9.06,1208.0,4199,28.3,1208.0,1728.0,7150,6.4,390303.0,28.3,6582935.0,299279.0,6.4,10335.0,11.71,9523.1,1520.0,3808209.0
云南省,2012,8.77,1644.0,5853,32.67,1644.0,2404.0,9260,7.8,396302.0,32.67,,384430.0,7.8,12321.0,45.48,11097.4,1566.0,4468160.0
云南省,2013,9.92,2280.0,6804,42.59,2280.0,2793.0,11512,9.2,496845.0,42.59,9006912.0,454278.0,9.2,11811.0,42.0,12825.5,1662.0,4433810.0
云南省,2014,9.6,2865.0,8124,43.15,2865.0,3137.0,13343,10.1,605668.0,43.15,9199396.0,516572.0,10.1,12980.0,47.92,14041.7,1731.0,5182591.0
云南省,2015,9.7,4605.0,11658,48.56,4605.0,3751.0,17603,10.0,631962.0,48.56,10455388.0,619588.0,10.0,16381.0,51.84,14960.0,1819.0,5132031.0
云南省,2016,10.06,5880.0,12032,46.86,5880.0,4942.0,23709,10.1,884333.0,46.86,11886446.0,741847.0,10.1,17166.0,58.26,16369.0,1889.0,6284487.0
云南省,2017,10.32,6510.0,14230,53.42,6510.0,5389.0,28695,10.4,1026693.0,53.42,13292088.0,885588.0,10.4,21393.0,84.76,18486.0,1999.0,8086166.0
云南省,2018,10.49,6466.0,20340,54.94,6466.0,6190.0,36515,9.9,965427.0,54.94,14543783.0,1070172.0,9.9,24048.0,89.49,20880.6,2166.0,9288303.0
云南省,2019,10.82,10131.0,22324,59.0,10131.0,7611.0,35212,9.4,1227702.0,59.0,14833632.0,1297741.0,9.4,29440.0,82.7,23223.8,2401.0,9395451.0
云南省,2020,11.37,9515.0,28943,64.94,9515.0,9451.0,45153,9.6,1153684.0,64.94,16571342.0,1451454.0,9.6,28894.0,49.95,24555.7,2648.0,12160954.0
云南省,2021,11.51,11021.0,41167,61.85,11021.0,9467.0,47997,9.6,1374209.0,61.85,16694079.0,1764956.0,9.6,28234.0,106.1,27161.6,2871.0,12055832.0
云南省,2022,12.36,14054.0,39497,58.97,14054.0,11139.0,52999,9.3,1562594.0,58.97,,1986681.0,9.3,27950.0,218.95,28954.2,3097.0,16313423.0
天津市,2004,,807.0,2578,,807.0,3198.0,8406,,212066.0,,1239682.0,284454.0,,12124.0,45.03,2621.1,,13557417.0
天津市,2005,5.3,,3045,,,,11657,,,,1479873.0,,,,50.71,3158.6,,
天津市,2006,5.64,,4159,,,,13299,,,,1428992.0,,,,58.86,3538.2,,
天津市,2007,6.05,,5584,22.34,,,15744,,,22.34,1657108.0,,,,72.34,4158.4,,
天津市,2008,6.4,3050.0,6790,28.65,3050.0,5227.0,18230,6.4,1335080.0,28.65,2060843.0,1082657.0,6.4,28340.0,86.61,5182.4,4534.0,27501772.0
天津市,2009,7.09,3663.0,7404,34.0,3663.0,7162.0,19624,5.9,1356563.0,34.0,2381672.0,1238392.0,5.9,30074.0,105.46,5709.6,4432.0,28262709.0
天津市,2010,7.64,,11006,43.25,,,25973,6.5,,43.25,2920970.0,,6.5,,119.34,6830.8,4412.0,
天津市,2011,7.82,5193.0,13982,60.17,5193.0,11889.0,38489,5.3,1848538.0,60.17,4136097.0,2107772.0,5.3,47828.0,169.38,8112.5,4329.0,38311448.0
天津市,2012,8.13,7341.0,19782,76.45,7341.0,13173.0,41009,8.3,2192138.0,76.45,,2558685.0,8.3,60681.0,232.33,9043.0,4358.0,44601011.0
天津市,2013,8.19,10191.0,24856,92.81,10191.0,16302.0,60915,10.7,2459585.0,92.81,5699615.0,3000377.0,10.7,68175.0,276.16,9945.4,4346.0,55696886.0
天津市,2014,8.11,12263.0,26351,109.0,12263.0,16832.0,63422,10.7,2559440.0,109.0,6326265.0,3228057.0,10.7,79014.0,388.56,10640.6,4283.0,56651106.0
天津市,2015,8.21,17422.0,37342,120.82,17422.0,16721.0,79963,11.3,2684642.0,120.82,5605736.0,3526665.0,11.3,84291.0,503.44,10879.5,4185.0,57277739.0
天津市,2016,8.51,22021.0,39734,125.18,22021.0,17170.0,106514,11.5,2856231.0,125.18,5365129.0,3499551.0,11.5,78336.0,552.64,11477.2,4058.0,56428282.0
天津市,2017,8.57,22346.0,41675,115.99,22346.0,15770.0,86996,11.9,2060101.0,115.99,5850624.0,2411418.0,11.9,57881.0,551.44,12450.6,4072.0,40949317.0
天津市,2018,8.91,23407.0,54680,106.68,23407.0,15051.0,99038,10.8,2137893.0,106.68,6351712.0,2528761.0,10.8,53280.0,685.59,13362.9,4150.0,38556643.0
天津市,2019,9.02,20856.0,57799,109.93,20856.0,15634.0,96045,11.1,2120384.0,109.93,6270839.0,2134320.0,11.1,45685.0,909.25,14055.5,4214.0,38466201.0
天津市,2020,9.14,24945.0,75434,118.17,24945.0,19033.0,111514,11.4,2386906.0,118.17,6031844.0,2287717.0,11.4,45227.0,1089.56,14008.0,4430.0,38919876.0
天津市,2021,8.96,26326.0,97910,103.97,26326.0,18952.0,90471,11.6,2880824.0,103.97,6664572.0,2512635.0,11.6,49404.0,1256.83,15685.1,5153.0,48140869.0
天津市,2022,9.15,28517.0,71545,62.16,28517.0,18488.0,84335,11.1,3173750.0,62.16,,2845710.0,11.1,51110.0,1650.87,16311.3,5428.0,48684233.0
河北省,2004,,638.0,3407,,638.0,1205.0,5647,,219191.0,,2700904.0,260405.0,,19451.0,7.27,7588.6,,3694886.0
河北省,2005,9.35,,3585,,,,6401,,,,3249421.0,,,,10.38,8773.4,,
河北省,2006,10.15,,4131,,,,7220,,,,3554401.0,,,,15.61,10043.0,,
河北省,2007,12.05,,5358,17.41,,,7853,,,17.41,4403700.0,,,,16.43,12152.9,,
河北省,2008,12.57,1058.0,5496,21.67,1058.0,1855.0,9128,8.2,792676.0,21.67,5584914.0,766113.0,8.2,27259.0,16.59,14200.1,1811.0,10685885.0
河北省,2009,14.92,1539.0,6839,26.43,1539.0,3190.0,11361,8.4,870897.0,26.43,6145261.0,933016.0,8.4,36418.0,17.21,15306.9,1871.0,11634045.0
河北省,2010,15.64,,10061,29.65,,,12295,8.9,,29.65,7192734.0,,8.9,,19.29,18003.6,1951.0,
河北省,2011,15.19,2601.0,11119,33.22,2601.0,5771.0,17595,10.0,1496755.0,33.22,8447882.0,1586189.0,10.0,51498.0,26.25,21384.7,2006.0,18992289.0
河北省,2012,15.61,3358.0,15315,44.74,3358.0,7841.0,23241,12.5,1798885.0,44.74,,1980850.0,12.5,55979.0,37.82,23077.5,2063.0,24576633.0
河北省,2013,16.08,4049.0,18186,49.76,4049.0,9171.0,27619,14.0,2025041.0,49.76,10298143.0,2327418.0,14.0,65049.0,31.56,24259.6,2108.0,29160256.0
河北省,2014,16.44,4999.0,20132,51.32,4999.0,9929.0,30000,14.5,2334622.0,51.32,10861672.0,2606711.0,14.5,75142.0,29.22,25208.9,2098.0,33340326.0
河北省,2015,16.72,7740.0,30130,45.5,7740.0,10396.0,44060,14.8,2465369.0,45.5,12861641.0,2858051.0,14.8,79452.0,39.54,26398.4,2141.0,34762445.0
河北省,2016,18.21,13074.0,31826,73.18,13074.0,13189.0,54838,16.4,2626889.0,73.18,14203834.0,3086608.0,16.4,82971.0,59.0,28474.1,2191.0,39231360.0
河北省,2017,18.91,14750.0,35348,69.08,14750.0,13855.0,61288,14.1,3422205.0,69.08,15938479.0,3509684.0,14.1,79135.0,88.92,30640.8,2328.0,46623294.0
河北省,2018,20.02,18762.0,51894,77.04,18762.0,16707.0,83785,15.9,3863708.0,77.04,17389625.0,3819916.0,15.9,68956.0,275.98,32494.6,2457.0,52288698.0
河北省,2019,21.29,21487.0,57809,90.7,21487.0,21570.0,101274,16.4,5046187.0,90.7,19921191.0,4385826.0,16.4,76096.0,381.19,34978.6,2596.0,64847324.0
河北省,2020,21.83,28135.0,92196,101.76,28135.0,24815.0,125608,15.7,5621709.0,101.76,21282804.0,4854544.0,15.7,86337.0,554.96,36013.8,2700.0,71909825.0
河北省,2021,21.88,34240.0,120034,112.64,34240.0,30171.0,130705,15.6,7209207.0,112.64,21927812.0,5703924.0,15.6,83401.0,747.32,40397.1,2926.0,96682633.0
河北省,2022,22.91,38203.0,115314,118.13,38203.0,33789.0,137437,14.3,8594266.0,118.13,,6358675.0,14.3,111333.0,1003.83,42370.4,3070.0,94746340.0
辽宁省,2004,,896.0,5749,,896.0,1230.0,14695,,550115.0,,2700789.0,759634.0,,32436.0,75.28,6469.8,,9397620.0
辽宁省,2005,12.3,,6195,,,,15672,,,,3164488.0,,,,86.52,7260.8,,
辽宁省,2006,13.24,,7399,,,,17052,,,,3282283.0,,,,80.65,8390.3,,
辽宁省,2007,14.33,,9615,38.69,,,19518,,,38.69,4122455.0,,,,92.93,10292.2,,
辽宁省,2008,14.64,1496.0,10665,49.02,1496.0,3678.0,20893,10.2,1354279.0,49.02,4792311.0,1378167.0,10.2,45568.0,99.73,12137.7,2621.0,19196748.0
辽宁省,2009,15.16,3061.0,12198,57.49,3061.0,6402.0,25803,10.8,2248810.0,57.49,5349184.0,1654323.0,10.8,48112.0,119.71,12815.7,2659.0,25868782.0
辽宁省,2010,15.52,,17093,68.9,,,34216,12.0,,68.9,6242615.0,,12.0,,130.68,13896.3,2671.0,
辽宁省,2011,16.16,4207.0,19176,87.2,4207.0,8363.0,37102,13.9,2866543.0,87.2,7809413.0,2747063.0,13.9,47513.0,159.66,16354.9,2712.0,29599589.0
辽宁省,2012,16.82,5054.0,21223,101.24,5054.0,9958.0,41152,15.8,2886302.0,101.24,,2894569.0,15.8,52064.0,230.66,17848.6,2811.0,31936021.0
辽宁省,2013,17.51,6923.0,21656,118.99,6923.0,11628.0,45996,16.9,3360539.0,118.99,9302062.0,3331303.0,16.9,59090.0,173.38,19208.8,2903.0,40931774.0
辽宁省,2014,18.05,9055.0,19525,108.82,9055.0,12098.0,37860,16.9,3173187.0,108.82,8700533.0,3242303.0,16.9,63374.0,217.46,20025.7,2933.0,40369623.0
辽宁省,2015,16.6,10372.0,25182,68.92,10372.0,9190.0,42153,15.9,2442027.0,68.92,8781171.0,2418803.0,15.9,49097.0,267.49,20210.3,2876.0,33373490.0
辽宁省,2016,16.6,14188.0,25104,61.61,14188.0,9709.0,52603,13.8,2391496.0,61.61,9206907.0,2420637.0,13.8,49254.0,323.22,20392.5,2845.0,33872375.0
辽宁省,2017,16.63,19028.0,26495,57.38,19028.0,11206.0,49871,12.1,3058148.0,57.38,9651893.0,2749477.0,12.1,49463.0,385.83,21693.0,2859.0,36962037.0
辽宁省,2018,16.84,21089.0,35149,75.05,21089.0,12485.0,65686,10.4,3062357.0,75.05,9759379.0,3006014.0,10.4,53133.0,474.49,23510.5,2866.0,45567574.0
辽宁省,2019,16.95,22848.0,40037,74.03,22848.0,13783.0,69732,9.8,3420219.0,74.03,10593957.0,3102482.0,9.8,52104.0,557.59,24855.3,3136.0,42835981.0
辽宁省,2020,17.51,28788.0,60185,72.71,28788.0,17790.0,86527,10.5,3584102.0,72.71,10988599.0,3353222.0,10.5,59978.0,632.81,25011.4,3487.0,44409366.0
辽宁省,2021,17.45,31740.0,80191,78.45,31740.0,20104.0,88504,10.7,3824926.0,78.45,11110019.0,3672792.0,10.7,63156.0,755.12,27569.5,3742.0,50108739.0
辽宁省,2022,18.1,38171.0,77434,74.35,38171.0,21581.0,97292,10.1,4303272.0,74.35,,3756732.0,10.1,67503.0,971.35,28975.1,3931.0,51025506.0
湖南省,2004,,1472.0,3281,,1472.0,1719.0,7693,,176680.0,,2724014.0,186180.0,,15057.0,40.83,5542.6,,4572202.0
湖南省,2005,10.63,,3659,,,,8763,,,,3234353.0,,,,41.74,6369.9,,
湖南省,2006,10.95,,5608,,,,10249,,,,3338525.0,,,,45.53,7431.6,,
湖南省,2007,12.37,,5687,20.49,,,11233,,,20.49,4196365.0,,,,46.08,9285.5,,
湖南省,2008,13.18,2356.0,6133,26.59,2356.0,3204.0,14016,6.8,1004659.0,26.59,5066050.0,811298.0,6.8,32465.0,47.7,11307.4,1966.0,16020244.0
湖南省,2009,14.51,7864.0,8309,29.62,7864.0,7790.0,15948,7.6,1333370.0,29.62,5660684.0,1096144.0,7.6,38041.0,44.04,12772.8,2040.0,231887749.0
湖南省,2010,15.31,,13873,35.04,,,22381,8.3,,35.04,6497608.0,,8.3,,40.09,15574.3,2051.0,
湖南省,2011,15.4,7432.0,16064,41.96,7432.0,12808.0,29516,8.5,2089970.0,41.96,7987607.0,1817773.0,8.5,57478.0,35.39,18915.0,2054.0,37595209.0
湖南省,2012,16.48,8436.0,23212,48.19,8436.0,16204.0,35709,9.5,2384102.0,48.19,,2290877.0,9.5,69784.0,42.24,21207.2,2087.0,47689791.0
湖南省,2013,16.39,10512.0,24392,55.46,10512.0,17424.0,41336,12.4,2959845.0,55.46,10784551.0,2703987.0,12.4,73558.0,77.21,23545.2,2106.0,57246324.0
湖南省,2014,16.54,14415.0,26637,59.38,14415.0,17919.0,44194,12.9,3151100.0,59.38,11285463.0,3100446.0,12.9,77428.0,97.93,25881.3,2160.0,63103689.0
湖南省,2015,16.77,19087.0,34075,66.26,19087.0,18175.0,54501,11.5,3315134.0,66.26,12223238.0,3525450.0,11.5,83821.0,105.06,28538.6,2215.0,73497969.0
湖南省,2016,17.32,22315.0,34050,71.44,22315.0,18249.0,67779,11.7,3585267.0,71.44,13781959.0,3929647.0,11.7,86440.0,105.63,30853.5,2251.0,80984709.0
湖南省,2017,17.83,26697.0,37916,91.42,26697.0,21319.0,77934,11.4,4857534.0,91.42,15165690.0,4617716.0,11.4,94228.0,203.19,33828.1,2419.0,85857213.0
湖南省,2018,18.39,33659.0,48957,129.94,33659.0,26339.0,94503,11.2,5417313.0,129.94,16300603.0,5167217.0,11.2,102800.0,281.61,36329.7,2610.0,76162442.0
湖南省,2019,18.88,39642.0,54685,171.92,39642.0,30900.0,106113,13.4,6593679.0,171.92,17753672.0,5931485.0,13.4,106946.0,490.69,39894.1,2873.0,81053560.0
湖南省,2020,19.57,39805.0,78723,220.66,39805.0,36209.0,128573,13.3,7509542.0,220.66,18852587.0,6645286.0,13.3,121470.0,735.95,41542.6,3149.0,83879023.0
湖南省,2021,20.1,46937.0,98936,217.3,46937.0,40576.0,114167,13.4,9416664.0,217.3,20038528.0,7661149.0,13.4,143908.0,1261.26,45713.5,3487.0,121692312.0
湖南省,2022,22.48,58360.0,92916,279.65,58360.0,43973.0,114087,12.9,10651767.0,279.65,,8588734.0,12.9,174121.0,2542.89,48670.4,3738.0,137717233.0
浙江省,2004,,5070.0,15249,,5070.0,9849.0,25294,,1040418.0,,5001700.0,880654.0,,42507.0,58.15,11482.1,,23409319.0
浙江省,2005,10.04,,19056,,,,43221,,,,5684275.0,,,,38.7,13028.3,,
浙江省,2006,11.13,,30968,,,,52980,,,,6315051.0,,,,39.96,15302.7,,
浙江省,2007,12.01,,42069,71.54,,,68933,,,71.54,7058575.0,,,,45.35,18640.0,,
浙江省,2008,12.8,11098.0,52953,86.79,11098.0,33652.0,89931,9.6,4080592.0,86.79,7972834.0,2757063.0,9.6,126273.0,58.92,21284.6,2324.0,64081539.0
浙江省,2009,13.28,11787.0,79945,99.3,11787.0,46402.0,108482,10.5,4182500.0,99.3,8911507.0,3301031.0,10.5,150888.0,56.46,22833.7,2303.0,63482974.0
浙江省,2010,13.89,,114643,121.4,,,120742,14.0,,121.4,10625688.0,,14.0,,60.35,27399.9,2285.0,
浙江省,2011,14.24,18091.0,130190,143.9,18091.0,52207.0,177066,15.5,6014674.0,143.9,12069078.0,4799069.0,15.5,203904.0,71.9,31854.8,2218.0,100493941.0
浙江省,2012,14.91,20553.0,188463,165.98,20553.0,68003.0,249373,17.5,7145347.0,165.98,,5886071.0,17.5,228618.0,81.31,34382.4,2288.0,112839734.0
浙江省,2013,14.75,22578.0,202350,191.87,22578.0,77067.0,294014,16.0,8216556.0,191.87,14490439.0,6843562.0,16.0,263507.0,81.5,37334.6,2363.0,148820993.0
浙江省,2014,14.85,28235.0,188544,207.99,28235.0,77135.0,261435,16.1,8960543.0,207.99,16079755.0,7681473.0,16.1,290339.0,87.25,40023.5,2408.0,165078596.0
浙江省,2015,14.8,31642.0,234983,250.79,31642.0,80512.0,307264,16.1,8989328.0,250.79,17568215.0,8535689.0,16.1,316672.0,98.1,43507.7,2414.0,188391393.0
浙江省,2016,14.54,38661.0,221456,269.04,38661.0,78729.0,393147,18.6,10041634.0,269.04,18908104.0,9357877.0,18.6,321845.0,198.37,47254.0,2355.0,213968302.0
浙江省,2017,14.62,49158.0,213805,303.5,49158.0,85639.0,377115,19.0,11074026.0,303.5,21327866.0,10301447.0,19.0,333646.0,324.73,52403.1,2345.0,211501500.0
浙江省,2018,15.09,62341.0,284621,379.66,62341.0,100254.0,455590,16.6,12700402.0,379.66,24009012.0,11473921.0,16.6,394147.0,590.66,58002.8,2370.0,233081591.0
浙江省,2019,15.16,75770.0,285342,516.06,75770.0,114326.0,435883,18.0,15316802.0,516.06,27343770.0,12742260.0,18.0,451752.0,888.01,62462.0,2509.0,260993704.0
浙江省,2020,15.59,93159.0,391700,472.13,93159.0,138589.0,507050,19.6,17652995.0,472.13,28846115.0,13958988.0,19.6,480493.0,1403.32,64689.1,2704.0,283024993.0
浙江省,2021,15.62,120873.0,465468,578.6,120873.0,159920.0,503197,21.7,23250693.0,578.6,31651797.0,15916604.0,21.7,482140.0,1855.78,74040.8,2632.0,368901158.0
浙江省,2022,16.76,146012.0,443985,680.89,146012.0,171872.0,513830,22.7,27110707.0,680.89,,17680564.0,22.7,519168.0,2435.07,77715.4,2763.0,412818209.0
四川省,2004,,927.0,4430,,927.0,2448.0,7260,,288312.0,,3091287.0,277068.0,,22473.0,16.56,6304.0,,5001408.0
四川省,2005,12.45,,4606,,,,10567,,,,3632254.0,,,,19.08,7195.9,,
四川省,2006,12.58,,7138,,,,13109,,,,3654194.0,,,,25.93,8494.7,,
四川省,2007,14.24,,9935,20.78,,,19165,,,20.78,5009787.0,,,,30.39,10562.1,,
四川省,2008,15.21,1649.0,13369,25.82,1649.0,3096.0,24335,12.5,907911.0,25.82,6578338.0,681656.0,12.5,45137.0,43.53,12756.2,1637.0,17982165.0
四川省,2009,16.68,2456.0,20132,28.64,2456.0,4979.0,33047,13.1,1142995.0,28.64,8088479.0,817664.0,13.1,44370.0,54.6,14190.6,1732.0,21846719.0
四川省,2010,18.03,,32212,34.71,,,40230,13.6,,34.71,8951781.0,,13.6,,54.74,17224.8,1790.0,
四川省,2011,17.38,5618.0,28446,45.75,5618.0,5919.0,49734,14.6,1485843.0,45.75,10244130.0,1044666.0,14.6,36839.0,67.83,21050.9,1904.0,21003174.0
四川省,2012,18.13,6591.0,42218,59.4,6591.0,13443.0,66312,16.2,1782262.0,59.4,,1422310.0,16.2,50533.0,111.24,23922.4,2037.0,20959773.0
四川省,2013,18.28,9043.0,46171,69.51,9043.0,15713.0,82453,19.9,2135771.0,69.51,13805525.0,1688902.0,19.9,58148.0,148.58,26518.0,2140.0,24758761.0
四川省,2014,18.5,15893.0,47120,81.76,15893.0,19661.0,91167,21.1,2347013.0,81.76,14508458.0,1960112.0,21.1,62145.0,199.05,28891.3,2244.0,27112961.0
四川省,2015,20.59,17601.0,64953,96.69,17601.0,21912.0,110746,21.0,2145687.0,96.69,16409562.0,2238051.0,21.0,56841.0,282.32,30342.0,2312.0,28924767.0
四川省,2016,21.82,24065.0,62445,101.09,24065.0,21685.0,142522,21.1,2523694.0,101.09,17620946.0,2572607.0,21.1,60146.0,299.3,33138.5,2314.0,30447284.0
四川省,2017,22.51,32598.0,64006,106.57,32598.0,26687.0,167484,21.9,3107379.0,106.57,19274514.0,3010846.0,21.9,71968.0,405.83,37905.1,2339.0,36830600.0
四川省,2018,23.02,35959.0,87372,147.91,35959.0,26277.0,152987,20.4,3931381.0,147.91,20767987.0,3423923.0,20.4,77848.0,996.7,42902.1,2409.0,35763417.0
四川省,2019,23.52,39658.0,82066,184.95,39658.0,29678.0,131529,15.3,4030592.0,184.95,22547121.0,3878572.0,15.3,78289.0,1211.95,46363.8,2546.0,42118322.0
四川省,2020,24.29,42114.0,108386,181.7,42114.0,34536.0,160036,20.4,4874121.0,181.7,24660021.0,4276383.0,20.4,90128.0,1244.59,48501.6,2754.0,49699120.0
四川省,2021,24.54,48898.0,146936,273.12,48898.0,41236.0,163664,22.5,5720504.0,273.12,25912560.0,4801710.0,22.5,95650.0,1388.69,54088.0,2925.0,61387535.0
四川省,2022,26.21,57722.0,135507,229.12,57722.0,41462.0,165499,24.5,6200605.0,229.12,,5300775.0,24.5,117859.0,1643.53,56749.8,3127.0,68318949.0
甘肃省,2004,,266.0,514,,266.0,227.0,910,,18367.0,,1031445.0,46215.0,,4888.0,11.96,1653.6,,446930.0
甘肃省,2005,3.78,,547,,,,1759,,,,1195074.0,,,,17.27,1864.6,,
甘肃省,2006,4.44,,832,,,,1460,,,,1321480.0,,,,21.45,2203.0,,
甘肃省,2007,5.18,,1025,7.31,,,1608,,,7.31,1672565.0,,,,26.21,2675.1,,
甘肃省,2008,5.82,356.0,1047,9.47,356.0,854.0,2178,4.9,179485.0,9.47,2310200.0,172353.0,4.9,10035.0,29.76,3071.7,1687.0,2337574.0
甘肃省,2009,6.25,790.0,1274,10.18,790.0,693.0,2676,5.0,163449.0,10.18,2761110.0,189931.0,5.0,10239.0,35.63,3268.3,1806.0,2348957.0
甘肃省,2010,6.6,,1868,10.89,,,3558,5.2,,10.89,3106736.0,,5.2,,43.08,3943.7,1882.0,
甘肃省,2011,6.8,493.0,2383,13.22,493.0,1053.0,5287,5.0,273986.0,13.22,3608174.0,257916.0,5.0,9307.0,52.64,4816.9,2041.0,5026884.0
甘肃省,2012,7.16,855.0,3662,16.19,855.0,1713.0,8261,5.6,350314.0,16.19,,337785.0,5.6,11445.0,73.06,5393.1,2145.0,5954233.0
甘肃省,2013,7.16,1028.0,4737,19.76,1028.0,2440.0,10976,6.9,403460.0,19.76,4811034.0,400743.0,6.9,12472.0,99.99,6014.5,2193.0,6185275.0
甘肃省,2014,7.28,1265.0,5097,21.16,1265.0,2558.0,12020,7.0,480268.0,21.16,5181631.0,464410.0,7.0,14380.0,114.52,6518.4,2219.0,7193529.0
甘肃省,2015,7.1,1884.0,6912,29.85,1884.0,2230.0,14584,7.0,392974.0,29.85,6134547.0,486077.0,7.0,12578.0,129.7,6556.6,2194.0,5740962.0
甘肃省,2016,7.23,2427.0,7975,26.23,2427.0,2600.0,20276,6.9,397701.0,26.23,6706137.0,509228.0,6.9,12610.0,150.66,6907.9,2189.0,3031098.0
甘肃省,2017,7.16,2796.0,9672,25.83,2796.0,3102.0,24448,7.1,369544.0,25.83,7087547.0,466912.0,7.1,10096.0,162.96,7336.7,2217.0,3461052.0
甘肃省,2018,7.28,3208.0,13958,25.74,3208.0,3342.0,27882,6.5,456615.0,25.74,7404892.0,476151.0,6.5,8026.0,180.88,8104.1,2258.0,2751331.0
甘肃省,2019,7.3,3413.0,14894,29.39,3413.0,3393.0,27637,6.6,457278.0,29.39,7998741.0,505544.0,6.6,8547.0,196.42,8718.3,2396.0,5527138.0
甘肃省,2020,7.4,4017.0,20991,32.07,4017.0,3829.0,30732,7.3,436109.0,32.07,8440554.0,521334.0,7.3,8614.0,233.16,8979.7,2627.0,5780308.0
甘肃省,2021,7.61,4842.0,26056,34.95,4842.0,4645.0,30165,7.6,540833.0,34.95,8498438.0,642948.0,7.6,12547.0,280.39,10225.5,2999.0,7662666.0
甘肃省,2022,7.55,5733.0,22490,47.69,5733.0,5979.0,32512,7.9,686626.0,47.69,,720007.0,7.9,14487.0,335.84,11201.6,3215.0,11219647.0
江西省,2004,,148.0,1169,,148.0,296.0,2685,,87493.0,,1566029.0,150868.0,,10335.0,9.37,3398.1,,1763042.0
江西省,2005,7.95,,1361,,,,2815,,,,1889654.0,,,,11.12,3941.2,,
江西省,2006,7.79,,1536,,,,3171,,,,2213618.0,,,,9.31,4696.8,,
江西省,2007,8.78,,2069,8.74,,,3548,,,8.74,2850048.0,,,,9.95,5777.6,,
江西省,2008,9.18,406.0,2295,11.14,406.0,756.0,3746,4.9,467494.0,11.14,3333171.0,495245.0,4.9,17537.0,7.76,6934.2,2062.0,6014402.0
江西省,2009,10.39,511.0,2915,13.4,511.0,1398.0,5224,5.0,466584.0,13.4,3776516.0,582649.0,5.0,19959.0,9.79,7630.0,2118.0,5094716.0
江西省,2010,11.56,,4349,18.26,,,6307,5.1,,18.26,4494597.0,,5.1,,23.05,9383.2,2162.0,
江西省,2011,11.38,975.0,5550,21.32,975.0,2363.0,9673,5.5,738567.0,21.32,6307866.0,769834.0,5.5,23969.0,34.19,11584.5,2212.0,9418710.0
江西省,2012,12.14,1398.0,7985,27.5,1398.0,3015.0,12458,5.4,917019.0,27.5,,925985.0,5.4,23877.0,39.78,12807.7,2295.0,12871344.0
江西省,2013,12.27,2333.0,9970,46.32,2333.0,4893.0,16938,5.7,977849.0,46.32,8284996.0,1106443.0,5.7,29519.0,43.06,14300.2,2381.0,16829309.0
江西省,2014,12.68,3383.0,13831,58.37,3383.0,6825.0,25594,5.5,1291820.0,58.37,8930127.0,1284642.0,5.5,28803.0,50.76,15667.8,2527.0,17563827.0
江西省,2015,12.38,4765.0,24161,74.79,4765.0,8561.0,36936,5.7,1445062.0,74.79,9732898.0,1474968.0,5.7,31321.0,64.85,16780.9,2654.0,20586019.0
江西省,2016,13.51,6993.0,31472,83.12,6993.0,12594.0,60494,6.2,2227922.0,83.12,10468837.0,1797561.0,6.2,34924.0,79.01,18388.6,2698.0,31368046.0
江西省,2017,13.49,10806.0,33029,120.09,10806.0,19383.0,70591,6.2,2949584.0,120.09,11717849.0,2216865.0,6.2,45082.0,96.21,20210.8,2676.0,38571746.0
江西省,2018,14.18,11878.0,52819,147.09,11878.0,26303.0,86001,6.1,3673303.0,147.09,13152969.0,2677714.0,6.1,67394.0,115.82,22716.5,2771.0,45117850.0
江西省,2019,14.57,13328.0,59140,182.92,13328.0,27813.0,91474,6.4,4584841.0,182.92,14535470.0,3202151.0,6.4,85032.0,148.61,24667.3,3010.0,63281504.0
江西省,2020,15.3,18715.0,80239,195.74,18715.0,30838.0,109738,7.1,4669998.0,195.74,15772884.0,3460219.0,7.1,100473.0,233.41,25782.0,3424.0,72213414.0
江西省,2021,15.52,21690.0,97372,210.95,21690.0,32350.0,100930,7.1,5884402.0,210.95,16514212.0,3978466.0,7.1,97497.0,409.38,29827.8,4001.0,95750449.0
江西省,2022,17.27,24847.0,75830,228.43,24847.0,32595.0,91815,7.4,6090169.0,228.43,,4396905.0,7.4,101018.0,733.88,32074.7,4423.0,116447505.0
安徽省,2004,,478.0,1607,,478.0,1078.0,2943,,222055.0,,2216291.0,209564.0,,10300.0,9.07,5129.1,,4198972.0
安徽省,2005,8.05,,1939,,,,3516,,,,2524901.0,,,,14.26,5675.9,,
安徽省,2006,8.93,,2235,,,,4679,,,,2775700.0,,,,18.49,6500.3,,
安徽省,2007,10.79,,3413,15.96,,,6070,,,15.96,3451326.0,,,,26.45,7941.6,,
安徽省,2008,11.21,3508.0,4346,23.78,3508.0,4490.0,10409,5.6,1023694.0,23.78,4383732.0,691431.0,5.6,32904.0,32.49,9517.7,1658.0,11042095.0
安徽省,2009,12.42,3496.0,8594,36.47,3496.0,8504.0,16386,6.0,1442068.0,36.47,4873316.0,907544.0,6.0,37649.0,35.62,10864.7,1742.0,15333831.0
安徽省,2010,13.55,,16012,57.98,,,47128,6.7,,57.98,5990868.0,,6.7,,46.15,13249.8,1841.0,
安徽省,2011,13.89,5092.0,32681,77.03,5092.0,19214.0,48556,7.5,2363512.0,77.03,8172010.0,1628304.0,7.5,56275.0,65.03,16284.9,2007.0,31826110.0
安徽省,2012,14.44,9215.0,43321,96.0,9215.0,26665.0,74888,8.2,2793021.0,96.0,,2089814.0,8.2,73356.0,86.16,18341.7,2101.0,37318538.0
安徽省,2013,14.9,13582.0,48849,109.67,13582.0,32909.0,93353,8.3,3244687.0,109.67,10413043.0,2477246.0,8.3,86000.0,130.83,20584.0,2203.0,43790809.0
安徽省,2014,15.23,21667.0,48380,129.59,21667.0,40244.0,99160,9.6,3685185.0,129.59,10457811.0,2847303.0,9.6,95287.0,169.83,22519.7,2245.0,52808808.0
安徽省,2015,15.76,28568.0,59039,147.94,28568.0,45598.0,127709,9.2,3804434.0,147.94,11578495.0,3221422.0,9.2,96791.0,190.47,23831.2,2309.0,58822307.0
安徽省,2016,16.05,41791.0,60983,259.5,41791.0,49791.0,172552,9.1,4432081.0,259.5,12357931.0,3709224.0,9.1,99451.0,217.37,26307.7,2259.0,73210508.0
安徽省,2017,16.04,49810.0,58213,260.41,49810.0,52916.0,175872,8.9,5117102.0,260.41,13751567.0,4361175.0,8.9,103598.0,249.57,29676.2,2250.0,88430765.0
安徽省,2018,16.39,56296.0,79747,294.81,56296.0,56596.0,207428,9.3,5711342.0,294.81,15011779.0,4973027.0,9.3,106744.0,321.31,34010.9,2245.0,95323850.0
安徽省,2019,16.61,54798.0,82524,377.95,54798.0,55520.0,166871,10.6,6192560.0,377.95,16375812.0,5765371.0,10.6,124491.0,449.61,36845.5,2447.0,96985530.0
安徽省,2020,16.94,70467.0,119696,369.98,70467.0,66677.0,202298,11.1,7494349.0,369.98,17478565.0,6394211.0,11.1,139988.0,659.57,38061.5,2702.0,120543819.0
安徽省,2021,17.37,78480.0,153475,416.09,78480.0,75058.0,196427,10.7,9088347.0,416.09,18979388.0,7391200.0,10.7,170421.0,1787.71,42565.2,3089.0,151017266.0
安徽省,2022,18.19,91651.0,156584,507.56,91651.0,81620.0,221063,11.7,10408238.0,507.56,,8206500.0,11.7,180814.0,2875.45,45045.0,3283.0,175804744.0
山西省,2004,,1079.0,1189,,1079.0,320.0,1949,,114303.0,,1548848.0,165503.0,,9384.0,6.0,3496.0,,1946480.0
山西省,2005,5.44,,1220,,,,1985,,,,1891253.0,,,,4.8,4079.4,,
山西省,2006,5.66,,1421,,,,2824,,,,2198470.0,,,,5.92,4713.6,,
山西省,2007,6.53,,1992,15.8,,,3333,,,15.8,2649876.0,,,,8.27,5935.6,,
山西省,2008,6.72,603.0,2279,17.64,603.0,1238.0,5386,5.9,564881.0,17.64,3328404.0,488855.0,5.9,31412.0,12.84,7223.0,1979.0,6677513.0
山西省,2009,7.77,856.0,3227,17.61,856.0,1798.0,6822,5.9,668441.0,17.61,3809096.0,603934.0,5.9,32703.0,16.21,7147.6,2050.0,6296160.0
山西省,2010,8.52,,4752,20.12,,,7927,6.0,,20.12,4508195.0,,6.0,,18.49,8903.9,2132.0,
山西省,2011,8.81,1659.0,4974,27.17,1659.0,2848.0,12769,6.1,900093.0,27.17,5494903.0,895891.0,6.1,32476.0,22.48,10894.4,2202.0,8609925.0
山西省,2012,9.81,2345.0,7196,33.32,2345.0,3765.0,16786,5.9,1020706.0,33.32,,1069590.0,5.9,31542.0,30.61,11683.1,2351.0,9283912.0
山西省,2013,11.0,3008.0,8565,62.06,3008.0,5083.0,18859,7.0,991958.0,62.06,6918247.0,1237698.0,7.0,34024.0,52.77,11987.2,2474.0,10272735.0
山西省,2014,11.3,3505.0,8371,54.26,3505.0,4723.0,15687,7.3,1004459.0,54.26,7036233.0,1247027.0,7.3,35775.0,48.46,12094.7,2519.0,9246772.0
山西省,2015,11.67,4468.0,10020,37.47,4468.0,3569.0,14948,7.5,681688.0,37.47,8442363.0,1008950.0,7.5,28927.0,51.2,11836.4,2504.0,8333433.0
山西省,2016,11.98,5350.0,10062,34.56,5350.0,3786.0,20031,7.2,689735.0,34.56,7942196.0,976283.0,7.2,29450.0,42.56,11946.4,2439.0,10850063.0
山西省,2017,12.11,6567.0,11311,50.25,6567.0,4398.0,20697,7.1,895493.0,50.25,8533662.0,1122323.0,7.1,31757.0,94.15,14484.3,2401.0,15434765.0
山西省,2018,12.2,7917.0,15060,59.08,7917.0,5423.0,27106,7.3,1354351.0,59.08,9134205.0,1312531.0,7.3,27228.0,150.76,15958.1,2383.0,19413025.0
山西省,2019,12.28,8619.0,16598,57.72,8619.0,6201.0,31705,7.7,1403231.0,57.72,9857999.0,1380813.0,7.7,27478.0,109.52,16961.6,2515.0,19892632.0
山西省,2020,12.57,10218.0,27296,66.09,10218.0,8444.0,40302,7.9,1480910.0,66.09,10071575.0,1561790.0,7.9,32547.0,44.98,17835.6,2688.0,23111205.0
山西省,2021,12.48,12336.0,37379,83.38,12336.0,10152.0,40460,7.6,1871006.0,83.38,11140175.0,1862448.0,7.6,35468.0,134.47,22870.4,3112.0,29406029.0
山西省,2022,12.49,12861.0,33068,61.01,12861.0,9827.0,40421,7.5,1934732.0,61.01,,2023083.0,7.5,40034.0,161.43,25642.6,3388.0,35548442.0
福建省,2004,,870.0,4758,,870.0,1308.0,7498,,310579.0,,2224559.0,360048.0,,18519.0,14.14,5712.1,,8281089.0
福建省,2005,6.5,,5147,,,,9460,,,,2505241.0,,,,17.2,6415.5,,
福建省,2006,7.13,,6412,,,,10351,,,,2771266.0,,,,11.32,7468.6,,
福建省,2007,8.12,,7761,21.27,,,11341,,,21.27,3322233.0,,,,14.56,9325.6,,
福建省,2008,8.54,1648.0,7937,25.63,1648.0,3246.0,13181,4.5,1177129.0,25.63,3898541.0,837778.0,4.5,41784.0,17.97,10931.8,1937.0,17463972.0
福建省,2009,9.6,2482.0,11282,27.89,2482.0,8075.0,17559,4.8,1382920.0,27.89,4479126.0,1144347.0,4.8,46433.0,23.26,12418.1,2039.0,17674924.0
福建省,2010,10.39,,18063,32.31,,,21994,5.4,,32.31,5341118.0,,5.4,,35.66,15002.5,2144.0,
福建省,2011,10.64,3847.0,21857,40.48,3847.0,11272.0,32325,5.7,1997710.0,40.48,6344839.0,1943993.0,5.7,75503.0,34.57,17917.7,2200.0,31138914.0
福建省,2012,11.22,5400.0,30497,48.47,5400.0,14745.0,42773,6.5,2278341.0,48.47,,2381656.0,6.5,90280.0,50.09,20190.7,2301.0,32911524.0
福建省,2013,12.16,7119.0,37511,60.62,7119.0,18896.0,53701,7.7,2656091.0,60.62,8228012.0,2791966.0,7.7,100200.0,44.69,22503.8,2435.0,34400997.0
福建省,2014,12.06,9176.0,37857,67.4,9176.0,22078.0,58075,8.5,2846972.0,67.4,8928771.0,3153831.0,8.5,110892.0,39.19,24942.1,2513.0,35117053.0
福建省,2015,12.17,12424.0,61621,76.6,12424.0,24916.0,83146,8.6,2973967.0,76.6,10028329.0,3469810.0,8.6,99180.0,52.14,26819.5,2508.0,35255547.0
福建省,2016,11.8,18514.0,67142,80.28,18514.0,28208.0,130376,8.7,3516871.0,80.28,10473975.0,3882632.0,8.7,102250.0,43.22,29609.4,2438.0,40526601.0
福建省,2017,11.9,24222.0,68304,99.44,24222.0,31433.0,128079,7.8,4234896.0,99.44,11390975.0,4487934.0,7.8,105533.0,75.46,33842.4,2352.0,44766789.0
福建省,2018,12.52,29543.0,102622,115.25,29543.0,31529.0,166610,7.7,4966148.0,115.25,12547951.0,5249417.0,7.7,120723.0,84.52,38687.8,2355.0,53008984.0
福建省,2019,12.84,34668.0,98955,133.41,34668.0,37196.0,153133,7.9,5806318.0,133.41,13429131.0,5985139.0,7.9,126089.0,139.59,42326.6,2577.0,57893119.0
福建省,2020,13.05,44702.0,145928,149.44,44702.0,45774.0,174867,8.4,6787880.0,149.44,14160989.0,6669131.0,8.4,140850.0,163.54,43608.6,2866.0,60975492.0
福建省,2021,13.09,45695.0,153814,155.11,45695.0,51551.0,160703,8.3,8210449.0,155.11,15320230.0,7716534.0,8.3,186328.0,196.8,49566.1,3023.0,78221353.0
福建省,2022,13.74,55076.0,141536,153.0,55076.0,57792.0,163032,8.0,9211097.0,153.0,,8485871.0,8.0,193782.0,259.52,53109.9,3277.0,77576517.0
湖北省,2004,,1077.0,3280,,1077.0,1127.0,7960,,307234.0,,2985502.0,263306.0,,21065.0,46.17,5546.8,,5087244.0
湖北省,2005,14.74,,3860,,,,11534,,,,3392273.0,,,,50.18,6469.7,,
湖北省,2006,14.81,,4734,,,,14576,,,,2904962.0,,,,44.44,7531.8,,
湖北省,2007,15.78,,6616,18.76,,,17376,,,18.76,3689008.0,,,,52.21,9451.4,,
湖北省,2008,16.77,2047.0,8374,23.06,2047.0,3650.0,21147,10.1,1052415.0,23.06,4519593.0,872514.0,10.1,42282.0,62.9,11497.5,2724.0,17979118.0
湖北省,2009,18.26,3834.0,11357,25.33,3834.0,7899.0,27206,10.7,1612357.0,25.33,5194495.0,1205733.0,10.7,50425.0,77.03,13192.1,2829.0,18116899.0
湖北省,2010,20.25,,17362,30.09,,,31311,10.8,,30.09,5869164.0,,10.8,,90.72,16226.9,2906.0,
湖北省,2011,21.1,5379.0,19035,44.19,5379.0,9893.0,42510,11.6,2435245.0,44.19,6844038.0,2107553.0,11.6,71281.0,125.69,19942.5,2991.0,30994175.0
湖北省,2012,21.69,7025.0,24475,54.39,7025.0,12592.0,51316,13.5,2937086.0,54.39,,2633099.0,13.5,77087.0,196.39,22590.9,3078.0,36984125.0
湖北省,2013,21.52,8745.0,28760,77.21,8745.0,16321.0,50816,15.1,3317175.0,77.21,8972278.0,3117987.0,15.1,85826.0,397.62,25378.0,3144.0,46544784.0
湖北省,2014,20.38,12444.0,28290,134.46,12444.0,16839.0,59050,15.2,3646332.0,134.46,9874547.0,3629506.0,15.2,91456.0,580.68,28242.1,3121.0,52745891.0
湖北省,2015,20.77,16965.0,38781,157.36,16965.0,17315.0,74240,16.3,3644392.0,157.36,11435059.0,4072726.0,16.3,86813.0,789.34,30344.0,3038.0,56769152.0
湖北省,2016,21.28,23972.0,41822,190.11,23972.0,19574.0,95157,15.8,4076507.0,190.11,13009264.0,4459622.0,15.8,96340.0,903.84,33353.0,2950.0,67132019.0
湖北省,2017,21.3,25568.0,46369,234.27,25568.0,22244.0,110234,15.4,4640613.0,234.27,13821834.0,4689377.0,15.4,94241.0,1033.08,37235.0,3000.0,75234883.0
湖北省,2018,21.46,32421.0,64106,268.49,32421.0,28003.0,124535,15.8,5854098.0,268.49,14578340.0,5255194.0,15.8,105041.0,1204.09,42022.0,3088.0,88629723.0
湖北省,2019,21.74,38000.0,73940,319.28,38000.0,35149.0,141321,17.0,6909409.0,319.28,16067052.0,5865143.0,17.0,115743.0,1429.84,45429.0,3248.0,97076662.0
湖北省,2020,22.35,49197.0,110102,287.85,49197.0,44035.0,163613,17.1,7280674.0,287.85,16783125.0,6109588.0,17.1,125066.0,1665.81,43004.5,3598.0,95968820.0
湖北省,2021,22.47,61986.0,155169,314.57,61986.0,54807.0,175312,17.3,9324551.0,314.57,17932016.0,7235941.0,17.3,147504.0,2090.78,50091.2,3914.0,136955566.0
湖北省,2022,23.71,81317.0,160849,376.55,81317.0,59771.0,202118,17.5,10491710.0,376.55,,7931580.0,17.5,168695.0,3010.0,53734.9,4110.0,148093045.0
贵州省,2004,,212.0,737,,212.0,335.0,1486,,61168.0,,1142162.0,64875.0,,3927.0,1.35,1649.4,,757732.0
贵州省,2005,3.24,,925,,,,2226,,,,1394867.0,,,,1.05,1939.9,,
贵州省,2006,3.24,,1337,,,,2674,,,,1549737.0,,,,0.54,2264.1,,
贵州省,2007,3.95,,1727,9.98,,,2759,,,9.98,2070113.0,,,,0.66,2847.5,,
贵州省,2008,4.01,701.0,1728,12.99,701.0,1049.0,2943,3.8,186476.0,12.99,2709138.0,145973.0,3.8,6134.0,2.04,3504.5,969.0,1854262.0
贵州省,2009,4.93,781.0,2084,14.27,781.0,1481.0,3709,4.6,258805.0,14.27,3094113.0,187695.0,4.6,7234.0,1.78,3856.7,1043.0,1891156.0
贵州省,2010,5.36,,3086,16.66,,,4414,4.3,,16.66,3669550.0,,4.3,,7.72,4519.0,1109.0,
贵州省,2011,5.76,990.0,3386,21.68,990.0,2034.0,8351,4.6,362492.0,21.68,4510531.0,275217.0,4.6,9564.0,13.65,5615.6,1254.0,4442117.0
贵州省,2012,6.48,1370.0,6059,28.98,1370.0,2794.0,11296,5.4,400699.0,28.98,,315079.0,5.4,12135.0,9.67,6742.2,1392.0,3832764.0
贵州省,2013,6.68,1985.0,7915,34.27,1985.0,3446.0,17405,6.5,403004.0,34.27,6799795.0,342541.0,6.5,16049.0,18.4,7973.1,1535.0,3683200.0
贵州省,2014,6.57,3146.0,10107,44.34,3146.0,4051.0,22467,7.7,383864.0,44.34,7700061.0,410132.0,7.7,15659.0,20.04,9173.1,1690.0,4083736.0
贵州省,2015,6.44,4096.0,14115,58.68,4096.0,3782.0,18295,7.7,424215.0,58.68,9277347.0,457303.0,7.7,14916.0,25.96,10541.0,1819.0,3944834.0
贵州省,2016,8.15,5411.0,10425,69.3,5411.0,4341.0,25315,7.3,550466.0,69.3,10335342.0,556853.0,7.3,15774.0,20.44,11792.4,2005.0,5752002.0
贵州省,2017,8.67,6805.0,12559,87.72,6805.0,5344.0,34610,7.2,577811.0,87.72,12488005.0,648576.0,7.2,18786.0,80.74,13605.4,2129.0,6055568.0
贵州省,2018,9.18,6544.0,19456,102.88,6544.0,5976.0,44508,6.7,736265.0,102.88,12732768.0,762280.0,6.7,20041.0,171.1,15353.2,2254.0,7469914.0
贵州省,2019,9.47,7740.0,24729,114.13,7740.0,6919.0,44328,4.8,856777.0,114.13,13622935.0,910206.0,4.8,23164.0,227.18,16769.3,2453.0,8188302.0
贵州省,2020,9.64,8487.0,34971,113.19,8487.0,7227.0,49200,5.5,960411.0,113.19,14479368.0,1053574.0,5.5,26261.0,249.11,17860.4,2654.0,8760932.0
贵州省,2021,8.96,9357.0,39267,88.34,9357.0,8372.0,41733,5.5,1054368.0,88.34,15080783.0,1210567.0,5.5,26717.0,289.27,19458.6,2593.0,10207676.0
贵州省,2022,8.99,10342.0,29382,88.86,10342.0,9294.0,40555,5.3,1181164.0,88.86,,1317509.0,5.3,29129.0,390.72,20164.6,2608.0,13598616.0
河南省,2004,,810.0,3318,,810.0,1827.0,6318,,243735.0,,2999489.0,274981.0,,25197.0,20.32,8411.2,,4671530.0
河南省,2005,10.62,,3748,,,,8981,,,,3579528.0,,,,26.37,10243.5,,
河南省,2006,12.34,,5242,,,,11538,,,,4179475.0,,,,23.73,11977.9,,
河南省,2007,14.41,,6998,25.23,,,14916,,,25.23,5493997.0,,,,26.19,14824.5,,
河南省,2008,15.04,2102.0,9133,30.44,2102.0,5244.0,19090,11.9,1110969.0,30.44,6561523.0,976394.0,11.9,52482.0,25.44,17735.9,1648.0,14541593.0
河南省,2009,18.38,3388.0,11425,35.52,3388.0,7551.0,19589,11.1,1508454.0,35.52,7633496.0,1334943.0,11.1,69647.0,26.3,19181.0,1774.0,17710388.0
河南省,2010,21.13,,16539,44.67,,,25149,11.5,,44.67,9111164.0,,11.5,,27.2,22655.0,1839.0,
河南省,2011,20.39,4049.0,19259,56.59,4049.0,10186.0,34076,12.3,2053205.0,56.59,11821418.0,2137236.0,12.3,93833.0,38.76,26318.7,1901.0,25501566.0
河南省,2012,22.57,5133.0,26791,69.64,5133.0,12503.0,43442,13.1,2313506.0,69.64,,2489651.0,13.1,102846.0,39.94,28961.9,2012.0,25762027.0
河南省,2013,23.59,6470.0,29482,80.0,6470.0,14400.0,55920,14.8,2660106.0,80.0,15577127.0,2953410.0,14.8,125091.0,40.24,31632.5,2114.0,47914474.0
河南省,2014,23.55,8497.0,33366,81.25,8497.0,16505.0,62434,16.4,2971713.0,81.25,16385611.0,3372310.0,16.4,134256.0,40.79,34574.8,2203.0,51689500.0
河南省,2015,24.17,11305.0,47766,83.25,11305.0,16518.0,74373,17.2,3065512.0,83.25,17411099.0,3688252.0,17.2,131051.0,45.04,37084.1,2293.0,57894206.0
河南省,2016,25.62,15863.0,49145,96.1,15863.0,17457.0,94669,17.8,3370816.0,96.1,18902582.0,4096962.0,17.8,132731.0,58.71,40249.3,2352.0,61154137.0
河南省,2017,25.8,19457.0,55407,137.94,19457.0,22367.0,119240,17.1,3982301.0,137.94,21546749.0,4722542.0,17.1,123619.0,76.85,44824.9,2455.0,70958863.0
河南省,2018,27.99,23857.0,82318,155.67,23857.0,27603.0,154381,14.0,4481123.0,155.67,24293502.0,5289250.0,14.0,128054.0,149.28,49935.9,2653.0,76882017.0
河南省,2019,28.73,30245.0,86247,211.07,30245.0,30397.0,144010,17.6,4980837.0,211.07,26685217.0,6087153.0,17.6,140361.0,231.89,53717.8,2913.0,67883527.0
河南省,2020,29.29,36500.0,122809,254.28,36500.0,38206.0,178585,18.4,5262726.0,254.28,28022275.0,6855770.0,18.4,145464.0,379.78,54259.4,3223.0,79074956.0
河南省,2021,29.73,42849.0,158038,329.25,42849.0,45391.0,167550,18.4,5943870.0,329.25,27674810.0,7640132.0,18.4,162562.0,607.33,58071.4,3424.0,88258121.0
河南省,2022,31.52,45993.0,135990,409.2,45993.0,47069.0,169106,18.0,6671623.0,409.2,,8455419.0,18.0,175486.0,1020.75,61345.1,3652.0,106560217.0
青海省,2004,,42.0,70,,42.0,73.0,124,,8848.0,,225275.0,20137.0,,1306.0,1.28,443.7,,38551.0
青海省,2005,0.57,,79,,,,216,,,,287259.0,,,,1.18,499.4,,
青海省,2006,0.59,,97,,,,325,,,,373988.0,,,,2.47,585.2,,
青海省,2007,0.63,,222,2.52,,,387,,,2.52,458238.0,,,,5.3,720.1,,
青海省,2008,0.68,262.0,228,3.97,262.0,81.0,431,1.7,28470.0,3.97,608034.0,25161.0,1.7,793.0,7.7,896.9,1033.0,486195.0
青海省,2009,0.73,150.0,368,4.78,150.0,114.0,499,2.1,31629.0,4.78,785820.0,41322.0,2.1,1551.0,8.5,939.7,1080.0,542937.0
青海省,2010,0.76,,264,4.08,,,602,2.3,,4.08,1062206.0,,2.3,,11.41,1144.2,1119.0,
青海省,2011,0.8,87.0,538,3.76,87.0,168.0,732,2.7,34745.0,3.76,1552462.0,81965.0,2.7,1833.0,16.84,1370.4,1082.0,86513.0
青海省,2012,0.85,170.0,527,7.18,170.0,215.0,844,2.8,74374.0,7.18,,84197.0,2.8,2020.0,19.3,1528.5,1133.0,103773.0
青海省,2013,0.88,205.0,502,8.39,205.0,334.0,1099,2.3,87949.0,8.39,1569408.0,89540.0,2.3,2039.0,26.89,1713.3,1162.0,125430.0
青海省,2014,0.87,246.0,619,10.39,246.0,384.0,1534,2.3,99766.0,10.39,1976886.0,92528.0,2.3,2068.0,29.1,1847.7,1220.0,85659.0
青海省,2015,0.89,271.0,1217,11.22,271.0,305.0,2590,2.2,98825.0,11.22,2073501.0,65029.0,2.2,1285.0,46.88,2011.0,1275.0,228191.0
青海省,2016,0.92,393.0,1357,10.9,393.0,612.0,3284,2.2,62146.0,10.9,2162973.0,77940.0,2.2,1750.0,56.92,2258.2,1319.0,379404.0
青海省,2017,0.99,399.0,1580,11.94,399.0,729.0,3181,2.3,87570.0,11.94,2343469.0,83276.0,2.3,1799.0,67.72,2465.1,1391.0,1027045.0
青海省,2018,1.08,559.0,2668,12.8,559.0,859.0,4439,2.2,86575.0,12.8,2640309.0,67716.0,2.2,1157.0,79.36,2748.0,1426.0,1232662.0
青海省,2019,1.11,760.0,3046,10.37,760.0,1088.0,5017,1.8,91755.0,10.37,2894894.0,93712.0,1.8,2379.0,9.1,2941.1,1486.0,1233887.0
青海省,2020,0.98,1061.0,4693,10.56,1061.0,1423.0,6736,2.0,123063.0,10.56,2931351.0,103699.0,2.0,1557.0,10.56,3009.8,1499.0,2094604.0
青海省,2021,1.22,1224.0,6591,12.19,1224.0,1354.0,7448,2.1,168851.0,12.19,3066904.0,138488.0,2.1,1626.0,14.1,3385.1,1613.0,1714617.0
青海省,2022,1.23,1740.0,5276,9.45,1740.0,1423.0,7590,1.9,213279.0,9.45,,149214.0,1.9,1878.0,16.03,3610.1,1738.0,3751761.0
陕西省,2004,,344.0,2007,,344.0,529.0,3217,,175951.0,,2047443.0,257862.0,,15714.0,13.91,3141.6,,2181959.0
陕西省,2005,10.26,,1894,,,,4166,,,,2331533.0,,,,18.9,3817.2,,
陕西省,2006,11.04,,2473,,,,5717,,,,2288723.0,,,,17.95,4595.6,,
陕西省,2007,12.2,,3451,13.3,,,8499,,,13.3,2855270.0,,,,30.17,5681.8,,
陕西省,2008,13.16,931.0,4392,17.14,931.0,1756.0,11898,11.5,459448.0,17.14,3806168.0,436433.0,11.5,26600.0,43.83,7177.8,2880.0,4877838.0
陕西省,2009,14.04,1636.0,6087,20.84,1636.0,2642.0,15570,12.8,701121.0,20.84,4637457.0,582497.0,12.8,25897.0,69.81,7997.8,3045.0,6566624.0
陕西省,2010,15.49,,10034,25.25,,,22949,12.8,,25.25,5143635.0,,12.8,,102.41,9845.2,3208.0,
陕西省,2011,16.7,2464.0,11662,29.01,2464.0,4393.0,32227,14.4,1065457.0,29.01,6838342.0,966768.0,14.4,30829.0,215.37,12175.1,3378.0,9657071.0
陕西省,2012,18.68,4752.0,14908,34.94,4752.0,5467.0,43608,14.4,1285251.0,34.94,,1192770.0,14.4,36728.0,334.82,14142.4,3525.0,8715851.0
陕西省,2013,17.18,5449.0,20836,38.02,5449.0,7258.0,57287,16.7,1799803.0,38.02,8926920.0,1401480.0,16.7,45809.0,533.28,15905.4,3612.0,10154791.0
陕西省,2014,16.84,6675.0,22820,44.86,6675.0,7354.0,56235,17.8,1710125.0,44.86,9101672.0,1606946.0,17.8,50753.0,640.02,17402.5,3652.0,11267648.0
陕西省,2015,15.94,7506.0,33350,57.28,7506.0,7521.0,74904,18.3,1637909.0,57.28,9674438.0,1725829.0,18.3,45052.0,721.82,17898.8,3628.0,10409950.0
陕西省,2016,16.1,11520.0,48455,62.01,11520.0,8142.0,69611,18.2,1898166.0,62.01,10049114.0,1844216.0,18.2,45362.0,802.79,19045.8,3540.0,12364855.0
陕西省,2017,16.46,14806.0,34554,79.34,14806.0,9232.0,98935,18.7,2042467.0,79.34,10545862.0,1963697.0,18.7,44672.0,920.94,21473.5,3582.0,17148934.0
陕西省,2018,16.74,16892.0,41479,87.22,16892.0,10182.0,76512,17.0,2350624.0,87.22,11375081.0,2165554.0,17.0,39315.0,1125.29,23941.9,3562.0,20333648.0
陕西省,2019,17.2,18774.0,44101,71.38,18774.0,12797.0,92087,12.9,2654451.0,71.38,12490355.0,2408037.0,12.9,42983.0,1467.35,25793.2,3812.0,25660429.0
陕西省,2020,17.75,21932.0,60524,56.45,21932.0,15187.0,99236,13.5,3063227.0,56.45,13169806.0,2684020.0,13.5,48809.0,1758.72,26014.1,4132.0,24941898.0
陕西省,2021,17.78,24226.0,86272,93.0,24226.0,16285.0,105652,13.5,3524257.0,93.0,14151375.0,3196867.0,13.5,50997.0,2343.44,30121.7,4279.0,38113676.0
陕西省,2022,18.14,27942.0,79375,109.78,27942.0,19071.0,108096,13.4,3767599.0,109.78,,3544104.0,13.4,60713.0,3048.73,32772.7,4409.0,43640760.0
内蒙古自治区,2004,,189.0,831,,189.0,397.0,1457,,40711.0,,1115216.0,49782.0,,5579.0,10.41,2942.4,,2643012.0
内蒙古自治区,2005,3.02,,845,,,,1455,,,,1293432.0,,,,10.99,3523.7,,
内蒙古自治区,2006,3.51,,978,,,,1946,,,,1480999.0,,,,10.71,4161.8,,
内蒙古自治区,2007,4.15,,1313,9.22,,,2015,,,9.22,2019987.0,,,,10.98,5166.9,,
内蒙古自治区,2008,4.56,288.0,1328,15.36,288.0,673.0,2221,4.2,203699.0,15.36,2625527.0,291985.0,4.2,11752.0,9.44,6242.4,1650.0,3439675.0
内蒙古自治区,2009,5.16,422.0,1494,18.07,422.0,1050.0,2484,4.2,267573.0,18.07,3187733.0,390612.0,4.2,12307.0,14.77,7104.2,1794.0,3340301.0
内蒙古自治区,2010,5.57,,2096,21.39,,,2912,4.3,,21.39,4143731.0,,4.3,,27.15,8199.9,1884.0,
内蒙古自治区,2011,5.52,467.0,2262,28.21,467.0,1250.0,3841,4.4,534739.0,28.21,5040005.0,701635.0,4.4,17645.0,22.67,9458.1,1920.0,5188902.0
内蒙古自治区,2012,5.62,922.0,3084,27.61,922.0,1650.0,4732,4.9,529251.0,27.61,,858477.0,4.9,21509.0,106.1,10470.1,2042.0,5814946.0
内蒙古自治区,2013,5.84,1444.0,3836,31.64,1444.0,2062.0,6388,6.1,619217.0,31.64,6121559.0,1004406.0,6.1,26990.0,38.74,11392.4,2137.0,6285040.0
内蒙古自治区,2014,5.85,1660.0,4031,32.87,1660.0,2269.0,6359,6.2,688680.0,32.87,6393778.0,1080287.0,6.2,27068.0,13.94,12158.2,2156.0,5573230.0
内蒙古自治区,2015,5.96,2175.0,5522,35.72,2175.0,2585.0,8876,6.3,640669.0,35.72,7072130.0,1186261.0,6.3,29190.0,15.39,12949.0,2035.0,6648406.0
内蒙古自治区,2016,6.26,3103.0,5846,32.38,3103.0,2970.0,10672,5.9,727898.0,32.38,7624806.0,1279853.0,5.9,30126.0,12.05,13789.3,1937.0,7796103.0
内蒙古自治区,2017,6.24,3837.0,6271,33.67,3837.0,3796.0,11701,6.0,672557.0,33.67,7601337.0,1082640.0,6.0,23243.0,19.61,14898.1,1969.0,11244704.0
内蒙古自治区,2018,6.28,3909.0,9625,26.05,3909.0,3769.0,16426,5.6,710278.0,26.05,7759014.0,1033594.0,5.6,15777.0,19.84,16140.8,1984.0,10282645.0
内蒙古自治区,2019,6.32,5491.0,11059,28.49,5491.0,5064.0,21069,7.0,925345.0,28.49,8105720.0,1183625.0,7.0,15001.0,22.48,17212.5,2053.0,11274431.0
内蒙古自治区,2020,6.35,5799.0,17958,32.38,5799.0,5755.0,26224,6.3,1008454.0,32.38,8510492.0,1293714.0,6.3,18393.0,35.95,17258.0,2127.0,12424598.0
内蒙古自治区,2021,6.38,6847.0,24362,35.28,6847.0,7722.0,29462,5.9,1492892.0,35.28,8595861.0,1547744.0,5.9,15433.0,41.15,21166.0,2351.0,16554915.0
内蒙古自治区,2022,6.44,7911.0,24640,42.99,7911.0,9065.0,32921,5.6,1755523.0,42.99,,1708541.0,5.6,24931.0,51.3,23158.6,2493.0,31474555.0
重庆市,2004,,484.0,3601,,484.0,2918.0,5171,,172622.0,,1434395.0,154250.0,,11111.0,59.62,3059.5,,5089043.0
重庆市,2005,5.95,,3591,,,,6260,,,,1731033.0,,,,35.71,3448.4,,
重庆市,2006,6.64,,4590,,,,6471,,,,1681572.0,,,,55.35,3900.3,,
重庆市,2007,7.17,,4994,11.05,,,6715,,,11.05,2309734.0,,,,39.57,4770.7,,
重庆市,2008,7.63,1058.0,4820,15.13,1058.0,4490.0,8324,5.3,630399.0,15.13,2662580.0,465280.0,5.3,23174.0,62.19,5899.5,2192.0,16811441.0
重庆市,2009,8.52,1584.0,7501,15.55,1584.0,5567.0,13482,5.4,766572.0,15.55,3309977.0,564856.0,5.4,23279.0,38.32,6651.2,2317.0,19029836.0
重庆市,2010,9.64,,12080,17.9,,,22825,5.5,,17.9,4068437.0,,5.5,,79.44,8065.3,2413.0,
重庆市,2011,10.17,2532.0,15525,25.04,2532.0,8121.0,32039,5.1,1073308.0,25.04,5039550.0,943975.0,5.1,27652.0,68.15,10161.2,2522.0,30280328.0
重庆市,2012,11.04,3714.0,20364,29.84,3714.0,9784.0,38924,5.7,1266058.0,29.84,,1171045.0,5.7,31577.0,54.02,11595.4,2734.0,24299198.0
重庆市,2013,10.52,4792.0,24828,38.65,4792.0,12221.0,49036,6.4,1438649.0,38.65,6565622.0,1388199.0,6.4,36605.0,90.28,13027.6,2894.0,26961130.0
重庆市,2014,10.61,6272.0,24312,38.16,6272.0,12908.0,55298,7.7,1863801.0,38.16,6979973.0,1664720.0,7.7,43797.0,156.2,14623.8,3017.0,36107819.0
重庆市,2015,11.0,6328.0,38914,45.67,6328.0,20239.0,82791,8.0,2388537.0,45.67,7971003.0,1996609.0,8.0,45129.0,57.24,16040.5,3071.0,45351174.0
重庆市,2016,11.16,8585.0,42738,51.62,8585.0,17511.0,59518,8.1,3025777.0,51.62,8863208.0,2374859.0,8.1,47392.0,147.19,18023.0,3059.0,50143454.0
重庆市,2017,11.29,12472.0,34780,59.31,12472.0,17269.0,64648,8.2,3252278.0,59.31,9483526.0,2799986.0,8.2,56416.0,51.36,20066.3,3084.0,53227016.0
重庆市,2018,11.39,17579.0,45688,68.59,17579.0,18049.0,72121,8.2,3094253.0,68.59,10216274.0,2992091.0,8.2,61956.0,188.35,21588.8,3081.0,42163130.0
重庆市,2019,11.77,18281.0,43872,79.23,18281.0,16650.0,67271,7.6,3421298.0,79.23,11442967.0,3358918.0,7.6,62424.0,56.65,23605.8,3258.0,43654109.0
重庆市,2020,11.98,20650.0,55377,82.87,20650.0,19736.0,83826,7.7,3972680.0,82.87,11823943.0,3725610.0,7.7,69843.0,117.79,25041.4,3438.0,58806719.0
重庆市,2021,11.97,24388.0,76206,92.64,24388.0,22240.0,83555,8.2,4904174.0,92.64,12761688.0,4245267.0,8.2,83845.0,184.52,28077.3,3605.0,69951788.0
重庆市,2022,12.27,27681.0,66467,98.89,27681.0,26245.0,86751,8.4,5440210.0,98.89,,4793346.0,8.4,83623.0,559.47,29129.0,3838.0,67957239.0
